date,deepSleepTime,shallowSleepTime,wakeTime,start,stop,REMTime,naps
2023-01-01,38,200,0,2023-01-01 01:58:00+0000,2023-01-01 06:51:00+0000,55,"[{'start':'2022-01-08 00:41:38+0000','end':'2022-01-08 00:42:09+0000'}]"
2023-01-02,86,357,11,2023-01-01 23:56:00+0000,2023-01-02 08:55:00+0000,85,
2023-01-03,102,334,0,2023-01-03 01:22:00+0000,2023-01-03 09:56:00+0000,78,
2023-01-04,0,358,2,2023-01-04 00:58:00+0000,2023-01-04 08:39:00+0000,101,
2023-01-05,132,298,2,2023-01-04 23:27:00+0000,2023-01-05 08:25:00+0000,106,
2023-01-06,70,199,0,2023-01-05 21:47:00+0000,2023-01-06 02:57:00+0000,41,
2023-01-07,79,284,2,2023-01-06 22:56:00+0000,2023-01-07 06:41:00+0000,100,"[{'start':'2022-01-08 00:43:01+0000','end':'2022-01-08 00:43:26+0000'},{'start':'2022-01-08 00:43:27+0000','end':'2022-01-08 00:43:39+0000'},{'start':'2022-01-08 00:43:40+0000','end':'2022-01-08 00:44:46+0000'},{'start':'2022-01-08 00:44:47+0000','end':'2022-01-08 00:44:57+0000'},{'start':'2022-01-08 00:44:58+0000','end':'2022-01-08 00:45:15+0000'},{'start':'2022-01-08 00:45:16+0000','end':'2022-01-08 00:45:28+0000'},{'start':'2022-01-08 00:45:29+0000','end':'2022-01-08 00:46:43+0000'}]"
2023-01-08,94,279,0,2023-01-08 00:48:00+0000,2023-01-08 08:24:00+0000,83,
2023-01-09,122,318,40,2023-01-08 23:13:00+0000,2023-01-09 09:47:00+0000,154,
2023-01-10,20,132,0,2023-01-10 02:40:00+0000,2023-01-10 05:27:00+0000,15,
2023-01-11,108,324,3,2023-01-11 01:34:00+0000,2023-01-11 10:26:00+0000,97,
2023-01-12,120,282,1,2023-01-12 02:02:00+0000,2023-01-12 10:16:00+0000,91,
2023-01-13,81,337,0,2023-01-13 00:36:00+0000,2023-01-13 09:08:00+0000,94,
2023-01-14,35,303,1,2023-01-13 23:08:00+0000,2023-01-14 06:39:00+0000,112,
2023-01-15,147,453,0,2023-01-14 22:15:00+0000,2023-01-15 09:51:00+0000,96,
2023-01-16,86,340,0,2023-01-16 00:41:00+0000,2023-01-16 08:55:00+0000,68,
2023-01-17,48,487,0,2023-01-16 23:52:00+0000,2023-01-17 09:48:00+0000,61,
2023-01-18,0,0,0,2023-01-16 22:00:00+0000,2023-01-16 22:00:00+0000,0,"[{'start':'2022-01-08 00:32:56+0000','end':'2022-01-08 00:35:13+0000'},{'start':'2022-01-08 00:35:14+0000','end':'2022-01-08 00:35:24+0000'},{'start':'2022-01-08 00:35:25+0000','end':'2022-01-08 00:36:18+0000'},{'start':'2022-01-08 00:36:19+0000','end':'2022-01-08 00:36:47+0000'},{'start':'2022-01-08 00:36:48+0000','end':'2022-01-08 00:36:54+0000'},{'start':'2022-01-08 00:36:55+0000','end':'2022-01-08 00:37:12+0000'},{'start':'2022-01-08 00:37:13+0000','end':'2022-01-08 00:37:22+0000'},{'start':'2022-01-08 00:37:23+0000','end':'2022-01-08 00:38:11+0000'},{'start':'2022-01-08 00:38:12+0000','end':'2022-01-08 00:38:12+0000'},{'start':'2022-01-08 00:38:13+0000','end':'2022-01-08 00:39:31+0000'}]"
2023-01-19,77,215,1,2023-01-19 02:32:00+0000,2023-01-19 08:03:00+0000,38,
2023-01-20,58,256,0,2023-01-19 23:45:00+0000,2023-01-20 06:04:00+0000,65,
2023-01-21,69,327,1,2023-01-21 02:03:00+0000,2023-01-21 10:20:00+0000,100,
2023-01-22,68,199,0,2023-01-22 04:01:00+0000,2023-01-22 09:59:00+0000,91,
2023-01-23,100,269,0,2023-01-22 23:33:00+0000,2023-01-23 06:58:00+0000,76,
2023-01-24,93,235,2,2023-01-24 02:54:00+0000,2023-01-24 10:05:00+0000,101,
2023-01-25,55,279,0,2023-01-25 00:18:00+0000,2023-01-25 07:03:00+0000,71,
2023-01-26,86,346,0,2023-01-26 01:58:00+0000,2023-01-26 10:40:00+0000,90,
2023-01-27,154,335,0,2023-01-27 00:00:00+0000,2023-01-27 09:46:00+0000,97,
2023-01-28,75,317,33,2023-01-28 00:34:00+0000,2023-01-28 09:01:00+0000,82,
2023-01-29,79,278,0,2023-01-29 02:37:00+0000,2023-01-29 09:48:00+0000,74,
2023-01-30,92,277,19,2023-01-30 02:12:00+0000,2023-01-30 10:07:00+0000,87,
2023-01-31,60,315,0,2023-01-31 01:07:00+0000,2023-01-31 08:28:00+0000,66,
2023-02-01,118,346,1,2023-01-31 22:54:00+0000,2023-02-01 08:21:00+0000,102,
2023-02-02,0,0,0,2023-01-31 22:00:00+0000,2023-01-31 22:00:00+0000,0,"[{'start':'2022-01-08 00:41:30+0000','end':'2022-01-08 00:41:58+0000'},{'start':'2022-01-08 00:41:59+0000','end':'2022-01-08 00:42:04+0000'},{'start':'2022-01-08 00:42:05+0000','end':'2022-01-08 00:44:06+0000'}]"
2023-02-03,78,278,23,2023-02-03 03:29:00+0000,2023-02-03 11:52:00+0000,124,
2023-02-04,63,296,1,2023-02-04 02:01:00+0000,2023-02-04 08:48:00+0000,47,
2023-02-05,133,454,0,2023-02-04 23:21:00+0000,2023-02-05 10:19:00+0000,71,
2023-02-06,75,213,0,2023-02-06 02:17:00+0000,2023-02-06 08:41:00+0000,96,
2023-02-07,67,216,0,2023-02-06 23:16:00+0000,2023-02-07 04:36:00+0000,37,"[{'start':'2022-01-08 00:43:06+0000','end':'2022-01-08 00:43:19+0000'},{'start':'2022-01-08 00:43:20+0000','end':'2022-01-08 00:43:33+0000'},{'start':'2022-01-08 00:43:34+0000','end':'2022-01-08 00:44:46+0000'}]"
2023-02-08,39,73,0,2023-02-08 02:46:00+0000,2023-02-08 05:09:00+0000,31,"[{'start':'2022-01-08 00:33:43+0000','end':'2022-01-08 00:34:35+0000'}]"
2023-02-09,77,322,27,2023-02-08 22:54:00+0000,2023-02-09 07:03:00+0000,63,
2023-02-10,69,217,10,2023-02-09 23:40:00+0000,2023-02-10 05:04:00+0000,28,
2023-02-11,93,365,0,2023-02-10 21:27:00+0000,2023-02-11 05:40:00+0000,35,
2023-02-12,69,393,1,2023-02-11 20:45:00+0000,2023-02-12 06:52:00+0000,144,"[{'start':'2022-01-08 00:37:12+0000','end':'2022-01-08 00:37:45+0000'},{'start':'2022-01-08 00:37:46+0000','end':'2022-01-08 00:37:57+0000'},{'start':'2022-01-08 00:37:58+0000','end':'2022-01-08 00:38:54+0000'}]"
2023-02-13,77,244,0,2023-02-12 23:31:00+0000,2023-02-13 05:34:00+0000,42,
2023-02-14,79,294,87,2023-02-13 20:36:00+0000,2023-02-14 07:11:00+0000,175,
2023-02-15,77,230,0,2023-02-14 23:03:00+0000,2023-02-15 04:57:00+0000,47,
2023-02-16,12,42,0,2023-02-15 23:12:00+0000,2023-02-16 00:23:00+0000,17,"[{'start':'2022-01-08 00:40:15+0000','end':'2022-01-08 00:40:31+0000'},{'start':'2022-01-08 00:40:32+0000','end':'2022-01-08 00:40:38+0000'},{'start':'2022-01-08 00:40:39+0000','end':'2022-01-08 00:41:35+0000'}]"
2023-02-17,92,194,47,2023-02-16 21:42:00+0000,2023-02-17 05:03:00+0000,108,
2023-02-18,125,362,0,2023-02-17 21:16:00+0000,2023-02-18 06:21:00+0000,58,
2023-02-19,110,338,1,2023-02-18 21:40:00+0000,2023-02-19 07:08:00+0000,119,
2023-02-20,93,254,0,2023-02-19 22:45:00+0000,2023-02-20 05:03:00+0000,31,
2023-02-21,113,383,0,2023-02-20 19:49:00+0000,2023-02-21 06:52:00+0000,167,
2023-02-22,0,393,10,2023-02-21 23:07:00+0000,2023-02-22 07:10:00+0000,80,
2023-02-23,119,168,0,2023-02-22 23:22:00+0000,2023-02-23 04:47:00+0000,38,
2023-02-24,106,326,0,2023-02-23 20:04:00+0000,2023-02-24 04:37:00+0000,81,
2023-02-25,75,168,0,2023-02-25 02:06:00+0000,2023-02-25 07:25:00+0000,76,
2023-02-26,129,468,2,2023-02-25 20:20:00+0000,2023-02-26 07:26:00+0000,67,
2023-02-27,39,306,0,2023-02-26 23:09:00+0000,2023-02-27 05:25:00+0000,31,
2023-02-28,103,389,0,2023-02-27 21:34:00+0000,2023-02-28 06:32:00+0000,46,"[{'start':'2022-01-08 00:43:24+0000','end':'2022-01-08 00:43:43+0000'}]"
2023-03-01,78,210,0,2023-03-01 00:44:00+0000,2023-03-01 06:36:00+0000,64,
2023-03-02,52,209,0,2023-03-02 00:19:00+0000,2023-03-02 05:04:00+0000,24,
2023-03-03,70,265,0,2023-03-02 23:24:00+0000,2023-03-03 05:44:00+0000,45,"[{'start':'2022-01-08 00:40:23+0000','end':'2022-01-08 00:41:07+0000'},{'start':'2022-01-08 00:41:08+0000','end':'2022-01-08 00:41:23+0000'},{'start':'2022-01-08 00:41:24+0000','end':'2022-01-08 00:42:27+0000'}]"
2023-03-04,8,168,0,2023-03-04 01:57:00+0000,2023-03-04 05:57:00+0000,64,
2023-03-05,74,374,23,2023-03-04 20:35:00+0000,2023-03-05 06:03:00+0000,97,
2023-03-06,130,399,0,2023-03-05 19:44:00+0000,2023-03-06 05:02:00+0000,29,
2023-03-07,99,309,13,2023-03-06 21:00:00+0000,2023-03-07 06:07:00+0000,126,
2023-03-08,33,246,91,2023-03-07 20:31:00+0000,2023-03-08 05:01:00+0000,140,
2023-03-09,79,388,2,2023-03-08 20:38:00+0000,2023-03-09 05:10:00+0000,43,
2023-03-10,135,287,0,2023-03-09 19:52:00+0000,2023-03-10 05:05:00+0000,131,
2023-03-11,89,361,0,2023-03-10 18:55:00+0000,2023-03-11 04:53:00+0000,148,
2023-03-12,74,365,0,2023-03-11 22:36:00+0000,2023-03-12 06:31:00+0000,36,
2023-03-13,90,318,0,2023-03-12 21:51:00+0000,2023-03-13 05:21:00+0000,42,
2023-03-14,93,328,0,2023-03-13 21:36:00+0000,2023-03-14 04:59:00+0000,22,
2023-03-15,0,351,0,2023-03-14 22:19:00+0000,2023-03-15 04:50:00+0000,40,
2023-03-16,64,238,0,2023-03-15 23:12:00+0000,2023-03-16 05:01:00+0000,47,"[{'start':'2022-01-08 00:40:31+0000','end':'2022-01-08 00:41:25+0000'}]"
2023-03-17,43,153,0,2023-03-17 02:00:00+0000,2023-03-17 05:41:00+0000,25,
2023-03-18,62,290,0,2023-03-17 21:12:00+0000,2023-03-18 04:59:00+0000,115,
2023-03-19,136,421,0,2023-03-18 20:08:00+0000,2023-03-19 06:57:00+0000,92,
2023-03-20,92,371,0,2023-03-19 20:37:00+0000,2023-03-20 04:54:00+0000,34,
2023-03-21,88,347,0,2023-03-20 20:44:00+0000,2023-03-21 05:05:00+0000,66,
2023-03-22,107,215,0,2023-03-21 20:19:00+0000,2023-03-22 02:04:00+0000,23,
2023-03-23,114,336,0,2023-03-22 20:33:00+0000,2023-03-23 05:52:00+0000,109,"[{'start':'2022-01-08 00:39:18+0000','end':'2022-01-08 00:39:34+0000'},{'start':'2022-01-08 00:39:35+0000','end':'2022-01-08 00:39:56+0000'},{'start':'2022-01-08 00:39:57+0000','end':'2022-01-08 00:40:47+0000'}]"
2023-03-24,61,206,0,2023-03-24 00:42:00+0000,2023-03-24 05:26:00+0000,17,
2023-03-25,136,259,19,2023-03-25 01:06:00+0000,2023-03-25 09:08:00+0000,68,
2023-03-26,94,197,60,2023-03-25 23:13:00+0000,2023-03-26 07:14:00+0000,130,
2023-03-27,123,215,0,2023-03-26 20:23:00+0000,2023-03-27 03:44:00+0000,103,"[{'start':'2022-01-08 00:41:56+0000','end':'2022-01-08 00:42:13+0000'}]"
2023-03-28,92,311,8,2023-03-27 20:31:00+0000,2023-03-28 05:02:00+0000,100,"[{'start':'2022-01-08 00:37:25+0000','end':'2022-01-08 00:37:38+0000'},{'start':'2022-01-08 00:37:39+0000','end':'2022-01-08 00:37:46+0000'},{'start':'2022-01-08 00:37:47+0000','end':'2022-01-08 00:38:46+0000'}]"
2023-03-29,74,251,0,2023-03-28 21:31:00+0000,2023-03-29 03:28:00+0000,32,"[{'start':'2022-01-08 00:33:21+0000','end':'2022-01-08 00:33:43+0000'},{'start':'2022-01-08 00:33:44+0000','end':'2022-01-08 00:33:56+0000'},{'start':'2022-01-08 00:33:57+0000','end':'2022-01-08 00:35:02+0000'}]"
2023-03-30,81,258,0,2023-03-29 20:07:00+0000,2023-03-30 02:31:00+0000,45,"[{'start':'2022-01-08 00:36:38+0000','end':'2022-01-08 00:37:01+0000'},{'start':'2022-01-08 00:37:02+0000','end':'2022-01-08 00:37:15+0000'},{'start':'2022-01-08 00:37:16+0000','end':'2022-01-08 00:37:58+0000'}]"
2023-03-31,61,182,0,2023-03-30 22:13:00+0000,2023-03-31 03:20:00+0000,64,"[{'start':'2022-01-08 00:34:38+0000','end':'2022-01-08 00:35:24+0000'}]"
2023-04-01,86,232,0,2023-03-31 20:46:00+0000,2023-04-01 03:49:00+0000,105,
2023-04-02,88,369,0,2023-04-01 19:54:00+0000,2023-04-02 04:22:00+0000,51,
2023-04-03,121,355,26,2023-04-02 21:29:00+0000,2023-04-03 06:53:00+0000,62,
2023-04-04,53,211,2,2023-04-03 22:22:00+0000,2023-04-04 03:47:00+0000,59,
2023-04-05,107,248,1,2023-04-04 22:09:00+0000,2023-04-05 04:34:00+0000,29,
2023-04-06,89,350,0,2023-04-05 19:54:00+0000,2023-04-06 04:32:00+0000,79,"[{'start':'2022-01-08 00:39:51+0000','end':'2022-01-08 00:40:15+0000'},{'start':'2022-01-08 00:40:16+0000','end':'2022-01-08 00:40:20+0000'},{'start':'2022-01-08 00:40:21+0000','end':'2022-01-08 00:40:31+0000'},{'start':'2022-01-08 00:40:32+0000','end':'2022-01-08 00:40:42+0000'},{'start':'2022-01-08 00:40:43+0000','end':'2022-01-08 00:42:11+0000'}]"
2023-04-07,72,134,2,2023-04-06 23:50:00+0000,2023-04-07 04:11:00+0000,53,
2023-04-08,99,286,0,2023-04-07 21:18:00+0000,2023-04-08 04:58:00+0000,75,
2023-04-09,106,271,0,2023-04-08 20:36:00+0000,2023-04-09 04:28:00+0000,95,
2023-04-10,140,350,21,2023-04-09 19:41:00+0000,2023-04-10 06:41:00+0000,149,
2023-04-11,100,207,3,2023-04-11 00:41:00+0000,2023-04-11 06:55:00+0000,64,
2023-04-12,48,144,0,2023-04-12 00:09:00+0000,2023-04-12 04:10:00+0000,49,
2023-04-13,113,228,0,2023-04-12 18:50:00+0000,2023-04-13 01:58:00+0000,87,
2023-04-14,168,343,4,2023-04-13 19:52:00+0000,2023-04-14 06:31:00+0000,124,
2023-04-15,0,238,0,2023-04-15 01:30:00+0000,2023-04-15 06:11:00+0000,43,
2023-04-16,105,248,220,2023-04-15 20:07:00+0000,2023-04-16 09:11:00+0000,211,"[{'start':'2022-01-08 00:43:41+0000','end':'2022-01-08 00:43:58+0000'}]"
2023-04-17,85,340,0,2023-04-17 00:35:00+0000,2023-04-17 08:56:00+0000,76,
2023-04-18,74,298,0,2023-04-17 21:30:00+0000,2023-04-18 05:08:00+0000,86,"[{'start':'2022-01-08 00:37:31+0000','end':'2022-01-08 00:38:08+0000'},{'start':'2022-01-08 00:38:09+0000','end':'2022-01-08 00:38:38+0000'},{'start':'2022-01-08 00:38:39+0000','end':'2022-01-08 00:38:57+0000'},{'start':'2022-01-08 00:38:58+0000','end':'2022-01-08 00:39:16+0000'},{'start':'2022-01-08 00:39:17+0000','end':'2022-01-08 00:41:57+0000'}]"
2023-04-19,85,286,0,2023-04-19 03:24:00+0000,2023-04-19 10:05:00+0000,30,
2023-04-20,69,227,0,2023-04-19 21:11:00+0000,2023-04-20 02:47:00+0000,40,"[{'start':'2022-01-08 00:32:57+0000','end':'2022-01-08 00:33:39+0000'},{'start':'2022-01-08 00:33:40+0000','end':'2022-01-08 00:33:53+0000'},{'start':'2022-01-08 00:33:54+0000','end':'2022-01-08 00:34:41+0000'},{'start':'2022-01-08 00:34:42+0000','end':'2022-01-08 00:34:51+0000'},{'start':'2022-01-08 00:34:52+0000','end':'2022-01-08 00:36:10+0000'}]"
2023-04-21,70,250,0,2023-04-21 00:33:00+0000,2023-04-21 06:11:00+0000,18,
2023-04-22,86,311,0,2023-04-21 21:18:00+0000,2023-04-22 04:59:00+0000,64,"[{'start':'2022-01-08 00:37:27+0000','end':'2022-01-08 00:38:17+0000'},{'start':'2022-01-08 00:38:18+0000','end':'2022-01-08 00:38:28+0000'},{'start':'2022-01-08 00:38:29+0000','end':'2022-01-08 00:39:18+0000'},{'start':'2022-01-08 00:39:19+0000','end':'2022-01-08 00:39:28+0000'},{'start':'2022-01-08 00:39:29+0000','end':'2022-01-08 00:41:20+0000'}]"
2023-04-23,44,177,1,2023-04-23 03:42:00+0000,2023-04-23 07:52:00+0000,28,
2023-04-24,68,299,2,2023-04-23 21:23:00+0000,2023-04-24 03:53:00+0000,21,"[{'start':'2022-01-08 00:41:40+0000','end':'2022-01-08 00:42:27+0000'},{'start':'2022-01-08 00:42:28+0000','end':'2022-01-08 00:42:34+0000'},{'start':'2022-01-08 00:42:35+0000','end':'2022-01-08 00:42:45+0000'}]"
2023-04-25,72,319,21,2023-04-24 20:31:00+0000,2023-04-25 04:54:00+0000,91,"[{'start':'2022-01-08 00:39:19+0000','end':'2022-01-08 00:39:39+0000'},{'start':'2022-01-08 00:39:40+0000','end':'2022-01-08 00:39:47+0000'},{'start':'2022-01-08 00:39:48+0000','end':'2022-01-08 00:39:59+0000'},{'start':'2022-01-08 00:40:00+0000','end':'2022-01-08 00:40:08+0000'},{'start':'2022-01-08 00:40:09+0000','end':'2022-01-08 00:41:24+0000'},{'start':'2022-01-08 00:41:25+0000','end':'2022-01-08 00:41:25+0000'},{'start':'2022-01-08 00:41:26+0000','end':'2022-01-08 00:42:25+0000'}]"
2023-04-26,21,195,4,2023-04-26 01:06:00+0000,2023-04-26 05:55:00+0000,69,
2023-04-27,110,224,158,2023-04-26 18:54:00+0000,2023-04-27 04:49:00+0000,103,"[{'start':'2022-01-08 00:33:31+0000','end':'2022-01-08 00:34:05+0000'},{'start':'2022-01-08 00:34:06+0000','end':'2022-01-08 00:34:14+0000'},{'start':'2022-01-08 00:34:15+0000','end':'2022-01-08 00:34:25+0000'},{'start':'2022-01-08 00:34:26+0000','end':'2022-01-08 00:34:26+0000'},{'start':'2022-01-08 00:34:27+0000','end':'2022-01-08 00:34:35+0000'},{'start':'2022-01-08 00:34:36+0000','end':'2022-01-08 00:34:36+0000'},{'start':'2022-01-08 00:34:37+0000','end':'2022-01-08 00:35:18+0000'},{'start':'2022-01-08 00:35:19+0000','end':'2022-01-08 00:35:31+0000'},{'start':'2022-01-08 00:35:32+0000','end':'2022-01-08 00:36:36+0000'}]"
2023-04-28,111,206,104,2023-04-27 20:15:00+0000,2023-04-28 04:58:00+0000,102,"[{'start':'2022-01-08 00:39:38+0000','end':'2022-01-08 00:41:15+0000'},{'start':'2022-01-08 00:41:16+0000','end':'2022-01-08 00:41:16+0000'},{'start':'2022-01-08 00:41:17+0000','end':'2022-01-08 00:42:13+0000'},{'start':'2022-01-08 00:45:43+0000','end':'2022-01-08 00:46:44+0000'},{'start':'2022-01-08 00:46:45+0000','end':'2022-01-08 00:46:55+0000'},{'start':'2022-01-08 00:46:56+0000','end':'2022-01-08 00:47:08+0000'},{'start':'2022-01-08 00:47:09+0000','end':'2022-01-08 00:47:10+0000'},{'start':'2022-01-08 00:47:11+0000','end':'2022-01-08 00:47:11+0000'}]"
2023-04-29,86,240,0,2023-04-28 21:12:00+0000,2023-04-29 04:03:00+0000,85,
2023-04-30,37,309,3,2023-04-29 22:10:00+0000,2023-04-30 04:53:00+0000,54,
2023-05-01,115,335,5,2023-04-30 20:26:00+0000,2023-05-01 05:10:00+0000,69,
2023-05-02,73,327,2,2023-05-01 21:05:00+0000,2023-05-02 04:41:00+0000,54,"[{'start':'2022-01-08 00:35:57+0000','end':'2022-01-08 00:36:32+0000'},{'start':'2022-01-08 00:37:38+0000','end':'2022-01-08 00:38:38+0000'}]"
2023-05-03,108,119,2,2023-05-02 23:21:00+0000,2023-05-03 04:03:00+0000,53,"[{'start':'2022-01-08 00:35:52+0000','end':'2022-01-08 00:36:03+0000'},{'start':'2022-01-08 00:36:04+0000','end':'2022-01-08 00:36:10+0000'},{'start':'2022-01-08 00:36:11+0000','end':'2022-01-08 00:36:40+0000'},{'start':'2022-01-08 00:36:41+0000','end':'2022-01-08 00:36:52+0000'},{'start':'2022-01-08 00:36:53+0000','end':'2022-01-08 00:37:25+0000'}]"
2023-05-04,0,391,2,2023-05-03 20:08:00+0000,2023-05-04 04:24:00+0000,103,"[{'start':'2022-01-08 00:36:55+0000','end':'2022-01-08 00:37:15+0000'},{'start':'2022-01-08 00:37:16+0000','end':'2022-01-08 00:37:30+0000'},{'start':'2022-01-08 00:37:31+0000','end':'2022-01-08 00:39:05+0000'}]"
2023-05-05,85,283,8,2023-05-04 22:34:00+0000,2023-05-05 05:01:00+0000,11,"[{'start':'2022-01-08 00:38:31+0000','end':'2022-01-08 00:39:13+0000'},{'start':'2022-01-08 00:39:14+0000','end':'2022-01-08 00:39:21+0000'},{'start':'2022-01-08 00:39:22+0000','end':'2022-01-08 00:39:27+0000'},{'start':'2022-01-08 00:39:28+0000','end':'2022-01-08 00:39:35+0000'},{'start':'2022-01-08 00:39:36+0000','end':'2022-01-08 00:40:32+0000'}]"
2023-05-06,123,351,17,2023-05-05 21:25:00+0000,2023-05-06 06:38:00+0000,62,
2023-05-07,132,338,6,2023-05-06 19:39:00+0000,2023-05-07 05:37:00+0000,122,"[{'start':'2022-01-08 00:38:01+0000','end':'2022-01-08 00:38:42+0000'},{'start':'2022-01-08 00:47:27+0000','end':'2022-01-08 00:47:50+0000'}]"
2023-05-08,21,294,1,2023-05-07 22:57:00+0000,2023-05-08 05:10:00+0000,57,"[{'start':'2022-01-08 00:41:24+0000','end':'2022-01-08 00:41:41+0000'},{'start':'2022-01-08 00:45:54+0000','end':'2022-01-08 00:46:21+0000'}]"
2023-05-09,76,194,2,2023-05-08 22:26:00+0000,2023-05-09 04:19:00+0000,81,
2023-05-10,63,380,0,2023-05-09 20:19:00+0000,2023-05-10 04:30:00+0000,48,
2023-05-11,108,273,0,2023-05-10 20:30:00+0000,2023-05-11 04:46:00+0000,115,
2023-05-12,65,160,61,2023-05-11 19:38:00+0000,2023-05-12 02:16:00+0000,112,
2023-05-13,125,355,11,2023-05-12 20:49:00+0000,2023-05-13 05:35:00+0000,35,
2023-05-14,101,306,0,2023-05-13 21:36:00+0000,2023-05-14 06:01:00+0000,98,
2023-05-15,88,277,0,2023-05-14 20:00:00+0000,2023-05-15 04:00:00+0000,115,
2023-05-16,130,245,0,2023-05-15 21:03:00+0000,2023-05-16 04:07:00+0000,49,"[{'start':'2022-01-08 00:41:09+0000','end':'2022-01-08 00:41:22+0000'},{'start':'2022-01-08 00:41:23+0000','end':'2022-01-08 00:41:46+0000'},{'start':'2022-01-08 00:41:47+0000','end':'2022-01-08 00:43:52+0000'}]"
2023-05-17,36,28,0,2023-05-17 00:24:00+0000,2023-05-17 01:34:00+0000,6,"[{'start':'2022-01-08 00:36:35+0000','end':'2022-01-08 00:37:03+0000'},{'start':'2022-01-08 00:37:04+0000','end':'2022-01-08 00:37:07+0000'},{'start':'2022-01-08 00:37:08+0000','end':'2022-01-08 00:37:40+0000'}]"
2023-05-18,97,378,1,2023-05-17 18:32:00+0000,2023-05-18 04:02:00+0000,94,
2023-05-19,80,169,0,2023-05-18 23:05:00+0000,2023-05-19 04:08:00+0000,54,
2023-05-20,115,348,1,2023-05-19 20:51:00+0000,2023-05-20 06:03:00+0000,88,
2023-05-21,29,202,0,2023-05-21 00:19:00+0000,2023-05-21 05:02:00+0000,52,
2023-05-22,0,506,6,2023-05-21 19:02:00+0000,2023-05-22 05:05:00+0000,91,
2023-05-23,101,334,1,2023-05-22 20:44:00+0000,2023-05-23 04:57:00+0000,57,
2023-05-24,0,202,3,2023-05-24 01:32:00+0000,2023-05-24 06:03:00+0000,66,"[{'start':'2022-01-08 00:40:01+0000','end':'2022-01-08 00:40:22+0000'}]"
2023-05-25,90,305,1,2023-05-24 20:10:00+0000,2023-05-25 03:58:00+0000,72,
2023-05-26,0,0,0,2023-05-24 21:00:00+0000,2023-05-24 21:00:00+0000,0,
2023-05-27,48,310,4,2023-05-26 23:02:00+0000,2023-05-27 05:35:00+0000,31,
2023-05-28,92,295,2,2023-05-27 21:47:00+0000,2023-05-28 05:53:00+0000,97,
2023-05-29,95,323,0,2023-05-28 21:25:00+0000,2023-05-29 04:54:00+0000,31,"[{'start':'2022-01-08 00:42:59+0000','end':'2022-01-08 00:43:13+0000'},{'start':'2022-01-08 00:43:14+0000','end':'2022-01-08 00:43:44+0000'},{'start':'2022-01-08 00:43:45+0000','end':'2022-01-08 00:45:54+0000'}]"
2023-05-30,59,143,2,2023-05-30 02:45:00+0000,2023-05-30 06:44:00+0000,35,
2023-05-31,86,346,9,2023-05-30 21:48:00+0000,2023-05-31 06:34:00+0000,85,
2023-06-01,116,359,1,2023-05-31 21:20:00+0000,2023-06-01 06:11:00+0000,55,
2023-06-02,69,277,0,2023-06-01 22:05:00+0000,2023-06-02 04:40:00+0000,49,
2023-06-03,97,254,0,2023-06-02 21:17:00+0000,2023-06-03 05:00:00+0000,112,
2023-06-04,102,327,5,2023-06-03 22:03:00+0000,2023-06-04 07:10:00+0000,113,
2023-06-05,111,201,0,2023-06-04 23:04:00+0000,2023-06-05 05:28:00+0000,72,
2023-06-06,166,315,2,2023-06-05 19:55:00+0000,2023-06-06 05:35:00+0000,97,
2023-06-07,0,403,13,2023-06-06 22:57:00+0000,2023-06-07 06:41:00+0000,48,
2023-06-08,30,89,0,2023-06-08 03:41:00+0000,2023-06-08 06:01:00+0000,21,
2023-06-09,56,302,0,2023-06-08 21:55:00+0000,2023-06-09 04:46:00+0000,53,
2023-06-10,113,258,84,2023-06-09 20:35:00+0000,2023-06-10 05:52:00+0000,102,"[{'start':'2022-01-08 00:40:55+0000','end':'2022-01-08 00:41:15+0000'},{'start':'2022-01-08 00:41:16+0000','end':'2022-01-08 00:41:39+0000'},{'start':'2022-01-08 00:41:40+0000','end':'2022-01-08 00:42:44+0000'}]"
2023-06-11,93,259,16,2023-06-11 00:55:00+0000,2023-06-11 07:55:00+0000,52,"[{'start':'2022-01-08 00:43:33+0000','end':'2022-01-08 00:43:47+0000'},{'start':'2022-01-08 00:43:48+0000','end':'2022-01-08 00:44:22+0000'},{'start':'2022-01-08 00:44:23+0000','end':'2022-01-08 00:44:53+0000'}]"
2023-06-12,101,242,84,2023-06-11 22:32:00+0000,2023-06-12 07:56:00+0000,137,
2023-06-13,110,362,12,2023-06-12 21:57:00+0000,2023-06-13 07:03:00+0000,62,
2023-06-14,158,466,0,2023-06-13 17:43:00+0000,2023-06-14 05:28:00+0000,81,
2023-06-15,45,390,12,2023-06-15 00:31:00+0000,2023-06-15 08:59:00+0000,61,
2023-06-16,81,186,26,2023-06-15 23:02:00+0000,2023-06-16 05:25:00+0000,90,"[{'start':'2022-01-08 00:40:53+0000','end':'2022-01-08 00:41:06+0000'},{'start':'2022-01-08 00:41:07+0000','end':'2022-01-08 00:41:26+0000'},{'start':'2022-01-08 00:41:27+0000','end':'2022-01-08 00:42:09+0000'}]"
2023-06-17,51,319,24,2023-06-16 22:58:00+0000,2023-06-17 06:23:00+0000,51,"[{'start':'2022-01-08 00:40:20+0000','end':'2022-01-08 00:41:20+0000'}]"
2023-06-18,86,318,0,2023-06-17 23:06:00+0000,2023-06-18 06:40:00+0000,50,
2023-06-19,54,176,1,2023-06-18 23:12:00+0000,2023-06-19 03:57:00+0000,54,
2023-06-20,61,369,0,2023-06-19 22:05:00+0000,2023-06-20 06:19:00+0000,64,"[{'start':'2022-01-08 00:41:05+0000','end':'2022-01-08 00:41:29+0000'}]"
2023-06-21,123,294,0,2023-06-20 22:40:00+0000,2023-06-21 07:57:00+0000,140,
2023-06-22,0,275,0,2023-06-21 23:15:00+0000,2023-06-22 05:14:00+0000,84,
2023-06-23,34,81,133,2023-06-22 20:23:00+0000,2023-06-23 02:01:00+0000,90,"[{'start':'2022-01-08 00:41:44+0000','end':'2022-01-08 00:42:31+0000'},{'start':'2022-01-08 00:42:32+0000','end':'2022-01-08 00:43:07+0000'},{'start':'2022-01-08 00:43:08+0000','end':'2022-01-08 00:44:31+0000'}]"
2023-06-24,83,368,0,2023-06-23 21:32:00+0000,2023-06-24 06:06:00+0000,63,
2023-06-25,76,220,1,2023-06-24 22:39:00+0000,2023-06-25 04:59:00+0000,83,"[{'start':'2022-01-08 00:42:48+0000','end':'2022-01-08 00:43:48+0000'}]"
2023-06-26,51,304,0,2023-06-25 23:44:00+0000,2023-06-26 07:17:00+0000,98,
2023-06-27,93,383,3,2023-06-26 22:00:00+0000,2023-06-27 07:14:00+0000,75,
2023-06-28,76,484,2,2023-06-27 20:23:00+0000,2023-06-28 06:27:00+0000,42,
2023-06-29,96,235,3,2023-06-29 01:26:00+0000,2023-06-29 08:36:00+0000,96,
2023-06-30,102,279,1,2023-06-29 23:06:00+0000,2023-06-30 06:34:00+0000,66,
2023-07-01,72,262,1,2023-06-30 22:49:00+0000,2023-07-01 05:54:00+0000,90,
2023-07-02,149,289,5,2023-07-01 22:47:00+0000,2023-07-02 07:41:00+0000,91,
2023-07-03,79,263,0,2023-07-02 23:28:00+0000,2023-07-03 06:12:00+0000,62,
2023-07-04,122,351,11,2023-07-03 23:30:00+0000,2023-07-04 08:54:00+0000,80,
2023-07-05,90,266,0,2023-07-04 21:59:00+0000,2023-07-05 04:56:00+0000,61,
2023-07-06,88,445,0,2023-07-05 22:12:00+0000,2023-07-06 07:59:00+0000,54,
2023-07-07,98,312,3,2023-07-06 23:21:00+0000,2023-07-07 07:29:00+0000,75,"[{'start':'2022-01-08 00:41:18+0000','end':'2022-01-08 00:41:41+0000'},{'start':'2022-01-08 00:41:42+0000','end':'2022-01-08 00:41:45+0000'},{'start':'2022-01-08 00:41:46+0000','end':'2022-01-08 00:41:54+0000'},{'start':'2022-01-08 00:41:55+0000','end':'2022-01-08 00:41:57+0000'},{'start':'2022-01-08 00:41:58+0000','end':'2022-01-08 00:42:32+0000'}]"
2023-07-08,6,88,0,2023-07-08 02:50:00+0000,2023-07-08 05:05:00+0000,41,"[{'start':'2022-01-08 00:39:44+0000','end':'2022-01-08 00:39:56+0000'},{'start':'2022-01-08 00:39:57+0000','end':'2022-01-08 00:40:26+0000'},{'start':'2022-01-08 00:40:27+0000','end':'2022-01-08 00:41:50+0000'}]"
2023-07-09,116,336,0,2023-07-08 23:02:00+0000,2023-07-09 08:32:00+0000,118,
2023-07-10,86,382,0,2023-07-10 00:27:00+0000,2023-07-10 09:00:00+0000,45,
2023-07-11,123,348,2,2023-07-10 21:38:00+0000,2023-07-11 07:52:00+0000,141,
2023-07-12,47,112,0,2023-07-11 23:26:00+0000,2023-07-12 02:19:00+0000,14,
2023-07-13,95,288,11,2023-07-13 00:18:00+0000,2023-07-13 08:32:00+0000,100,
2023-07-14,72,210,0,2023-07-14 04:31:00+0000,2023-07-14 10:01:00+0000,48,
2023-07-15,60,236,0,2023-07-15 01:49:00+0000,2023-07-15 07:25:00+0000,40,
2023-07-16,59,308,1,2023-07-15 22:58:00+0000,2023-07-16 06:56:00+0000,110,
2023-07-17,98,277,0,2023-07-16 23:16:00+0000,2023-07-17 07:12:00+0000,101,
2023-07-18,98,341,1,2023-07-17 23:25:00+0000,2023-07-18 07:51:00+0000,66,
2023-07-19,101,264,0,2023-07-18 23:03:00+0000,2023-07-19 07:04:00+0000,116,
2023-07-20,88,246,2,2023-07-19 20:49:00+0000,2023-07-20 03:45:00+0000,80,
2023-07-21,105,282,2,2023-07-21 01:12:00+0000,2023-07-21 09:20:00+0000,99,
2023-07-22,75,240,0,2023-07-22 01:17:00+0000,2023-07-22 07:19:00+0000,47,"[{'start':'2022-01-08 00:38:14+0000','end':'2022-01-08 00:38:31+0000'},{'start':'2022-01-08 00:38:32+0000','end':'2022-01-08 00:38:52+0000'},{'start':'2022-01-08 00:38:53+0000','end':'2022-01-08 00:39:13+0000'},{'start':'2022-01-08 00:39:14+0000','end':'2022-01-08 00:39:57+0000'},{'start':'2022-01-08 00:39:58+0000','end':'2022-01-08 00:40:43+0000'},{'start':'2022-01-08 00:40:44+0000','end':'2022-01-08 00:40:56+0000'},{'start':'2022-01-08 00:40:57+0000','end':'2022-01-08 00:41:56+0000'}]"
2023-07-23,49,272,8,2023-07-23 02:01:00+0000,2023-07-23 08:57:00+0000,87,
2023-07-24,62,253,0,2023-07-24 02:26:00+0000,2023-07-24 08:50:00+0000,69,
2023-07-25,0,130,18,2023-07-25 01:00:00+0000,2023-07-25 04:11:00+0000,43,
2023-07-26,111,321,1,2023-07-26 00:03:00+0000,2023-07-26 09:27:00+0000,131,
2023-07-27,74,214,1,2023-07-27 01:43:00+0000,2023-07-27 07:04:00+0000,32,"[{'start':'2022-01-08 00:37:07+0000','end':'2022-01-08 00:37:18+0000'},{'start':'2022-01-08 00:37:19+0000','end':'2022-01-08 00:37:49+0000'},{'start':'2022-01-08 00:37:50+0000','end':'2022-01-08 00:38:31+0000'}]"
2023-07-28,122,310,38,2023-07-27 23:03:00+0000,2023-07-28 08:33:00+0000,100,
2023-07-29,76,311,39,2023-07-28 23:02:00+0000,2023-07-29 08:18:00+0000,130,
2023-07-30,82,340,0,2023-07-30 03:09:00+0000,2023-07-30 11:04:00+0000,53,
2023-07-31,100,271,1,2023-07-31 00:44:00+0000,2023-07-31 08:22:00+0000,86,"[{'start':'2022-01-08 00:39:14+0000','end':'2022-01-08 00:39:52+0000'}]"
2023-08-01,119,414,1,2023-07-31 23:22:00+0000,2023-08-01 09:28:00+0000,72,
2023-08-02,113,210,0,2023-08-02 00:58:00+0000,2023-08-02 07:31:00+0000,70,"[{'start':'2022-01-08 00:40:54+0000','end':'2022-01-08 00:41:05+0000'},{'start':'2022-01-08 00:41:06+0000','end':'2022-01-08 00:41:18+0000'},{'start':'2022-01-08 00:41:19+0000','end':'2022-01-08 00:42:18+0000'}]"
2023-08-03,0,160,30,2023-08-03 03:00:00+0000,2023-08-03 06:57:00+0000,47,
2023-08-04,121,318,1,2023-08-03 23:01:00+0000,2023-08-04 07:36:00+0000,75,
2023-08-05,133,272,0,2023-08-05 03:02:00+0000,2023-08-05 10:35:00+0000,48,
2023-08-06,44,127,8,2023-08-06 00:59:00+0000,2023-08-06 04:08:00+0000,10,
2023-08-07,132,316,0,2023-08-06 22:59:00+0000,2023-08-07 09:02:00+0000,155,
2023-08-08,77,288,68,2023-08-07 22:02:00+0000,2023-08-08 07:49:00+0000,154,
2023-08-09,117,363,0,2023-08-08 21:31:00+0000,2023-08-09 07:26:00+0000,115,
2023-08-10,44,300,0,2023-08-10 00:34:00+0000,2023-08-10 08:09:00+0000,111,
2023-08-11,23,50,0,2023-08-11 00:48:00+0000,2023-08-11 02:01:00+0000,0,
2023-08-12,43,107,62,2023-08-12 01:13:00+0000,2023-08-12 06:04:00+0000,79,
2023-08-13,114,227,0,2023-08-13 02:07:00+0000,2023-08-13 09:12:00+0000,84,
2023-08-14,96,227,1,2023-08-13 23:45:00+0000,2023-08-14 06:59:00+0000,110,
2023-08-15,124,297,0,2023-08-15 00:02:00+0000,2023-08-15 07:50:00+0000,47,
2023-08-16,132,366,4,2023-08-15 21:38:00+0000,2023-08-16 07:41:00+0000,101,
2023-08-17,60,436,3,2023-08-16 22:26:00+0000,2023-08-17 07:56:00+0000,71,
2023-08-18,101,224,0,2023-08-17 23:56:00+0000,2023-08-18 06:59:00+0000,98,
2023-08-19,54,316,0,2023-08-19 00:11:00+0000,2023-08-19 07:05:00+0000,44,
2023-08-20,28,351,24,2023-08-19 22:06:00+0000,2023-08-20 05:42:00+0000,53,
2023-08-21,46,411,3,2023-08-20 20:31:00+0000,2023-08-21 05:13:00+0000,62,
2023-08-22,0,443,3,2023-08-21 22:56:00+0000,2023-08-22 07:04:00+0000,42,
2023-08-23,0,339,0,2023-08-22 22:36:00+0000,2023-08-23 05:11:00+0000,56,
2023-08-24,104,275,2,2023-08-23 19:55:00+0000,2023-08-24 03:54:00+0000,98,
2023-08-25,64,386,1,2023-08-24 20:10:00+0000,2023-08-25 05:26:00+0000,105,
2023-08-26,83,264,1,2023-08-25 23:57:00+0000,2023-08-26 06:17:00+0000,32,
2023-08-27,80,302,1,2023-08-26 21:15:00+0000,2023-08-27 04:38:00+0000,60,"[{'start':'2022-01-08 00:34:26+0000','end':'2022-01-08 00:35:16+0000'}]"
2023-08-28,42,199,1,2023-08-27 20:35:00+0000,2023-08-28 01:51:00+0000,74,
2023-08-29,59,375,0,2023-08-28 19:46:00+0000,2023-08-29 04:46:00+0000,106,
2023-08-30,44,376,9,2023-08-29 21:09:00+0000,2023-08-30 04:42:00+0000,24,
2023-08-31,24,434,9,2023-08-30 20:49:00+0000,2023-08-31 04:59:00+0000,23,
2023-09-01,140,356,78,2023-08-31 19:02:00+0000,2023-09-01 07:45:00+0000,189,
2023-09-02,161,242,0,2023-09-01 21:00:00+0000,2023-09-02 05:00:00+0000,77,
2023-09-03,126,240,84,2023-09-02 20:03:00+0000,2023-09-03 05:01:00+0000,88,"[{'start':'2022-01-08 00:36:24+0000','end':'2022-01-08 00:36:36+0000'},{'start':'2022-01-08 00:36:37+0000','end':'2022-01-08 00:36:49+0000'},{'start':'2022-01-08 00:36:50+0000','end':'2022-01-08 00:37:52+0000'}]"
2023-09-04,0,0,0,2023-09-02 21:00:00+0000,2023-09-02 21:00:00+0000,0,
2023-09-05,115,247,2,2023-09-04 21:50:00+0000,2023-09-05 04:59:00+0000,65,
2023-09-06,92,305,0,2023-09-05 21:18:00+0000,2023-09-06 05:28:00+0000,93,
2023-09-07,55,315,42,2023-09-06 22:07:00+0000,2023-09-07 05:46:00+0000,47,
2023-09-08,72,372,0,2023-09-07 21:24:00+0000,2023-09-08 06:26:00+0000,98,
2023-09-09,98,210,32,2023-09-08 21:52:00+0000,2023-09-09 05:20:00+0000,108,
2023-09-10,128,465,13,2023-09-09 19:40:00+0000,2023-09-10 06:35:00+0000,49,
2023-09-11,111,279,21,2023-09-10 21:35:00+0000,2023-09-11 05:51:00+0000,85,
2023-09-12,0,386,21,2023-09-11 21:33:00+0000,2023-09-12 05:42:00+0000,82,
2023-09-13,76,430,0,2023-09-12 19:29:00+0000,2023-09-13 05:46:00+0000,111,
2023-09-14,30,318,0,2023-09-13 21:17:00+0000,2023-09-14 05:07:00+0000,122,"[{'start':'2022-01-08 00:39:14+0000','end':'2022-01-08 00:39:39+0000'},{'start':'2022-01-08 00:39:40+0000','end':'2022-01-08 00:39:51+0000'},{'start':'2022-01-08 00:39:52+0000','end':'2022-01-08 00:40:51+0000'}]"
2023-09-15,104,224,28,2023-09-14 22:27:00+0000,2023-09-15 05:40:00+0000,77,
2023-09-16,64,243,1,2023-09-15 23:58:00+0000,2023-09-16 06:23:00+0000,77,
2023-09-17,115,367,0,2023-09-16 20:22:00+0000,2023-09-17 06:49:00+0000,145,
2023-09-18,145,315,2,2023-09-17 20:19:00+0000,2023-09-18 05:21:00+0000,80,
2023-09-19,140,293,2,2023-09-18 21:28:00+0000,2023-09-19 05:55:00+0000,72,
2023-09-20,47,84,21,2023-09-20 00:23:00+0000,2023-09-20 03:38:00+0000,43,"[{'start':'2022-01-08 00:32:26+0000','end':'2022-01-08 00:32:53+0000'},{'start':'2022-01-08 00:32:54+0000','end':'2022-01-08 00:32:55+0000'},{'start':'2022-01-08 00:32:56+0000','end':'2022-01-08 00:33:06+0000'},{'start':'2022-01-08 00:33:07+0000','end':'2022-01-08 00:33:14+0000'},{'start':'2022-01-08 00:33:15+0000','end':'2022-01-08 00:33:19+0000'},{'start':'2022-01-08 00:33:20+0000','end':'2022-01-08 00:33:30+0000'},{'start':'2022-01-08 00:33:31+0000','end':'2022-01-08 00:34:51+0000'}]"
2023-09-21,67,284,0,2023-09-20 19:51:00+0000,2023-09-21 02:32:00+0000,50,
2023-09-22,0,419,1,2023-09-21 20:00:00+0000,2023-09-22 04:11:00+0000,71,
2023-09-23,65,259,0,2023-09-22 21:52:00+0000,2023-09-23 05:03:00+0000,107,
2023-09-24,88,285,2,2023-09-23 21:46:00+0000,2023-09-24 04:57:00+0000,56,
2023-09-25,72,321,0,2023-09-24 20:41:00+0000,2023-09-25 04:19:00+0000,65,
2023-09-26,135,370,1,2023-09-25 20:13:00+0000,2023-09-26 06:56:00+0000,137,
2023-09-27,118,323,0,2023-09-26 20:19:00+0000,2023-09-27 05:25:00+0000,105,
2023-09-28,32,96,0,2023-09-28 03:21:00+0000,2023-09-28 05:41:00+0000,12,
2023-09-29,92,291,2,2023-09-28 20:40:00+0000,2023-09-29 04:08:00+0000,63,
2023-09-30,0,0,0,2023-09-28 21:00:00+0000,2023-09-28 21:00:00+0000,0,"[{'start':'2022-01-08 00:37:34+0000','end':'2022-01-08 00:38:33+0000'}]"
2023-10-01,109,382,0,2023-09-30 20:12:00+0000,2023-10-01 05:20:00+0000,57,
2023-10-02,100,302,0,2023-10-01 20:11:00+0000,2023-10-02 04:30:00+0000,97,
2023-10-03,122,356,3,2023-10-02 20:29:00+0000,2023-10-03 06:10:00+0000,100,
2023-10-04,80,286,1,2023-10-03 22:16:00+0000,2023-10-04 06:02:00+0000,99,
2023-10-05,123,327,0,2023-10-04 21:35:00+0000,2023-10-05 06:32:00+0000,87,
2023-10-06,65,264,1,2023-10-06 00:29:00+0000,2023-10-06 07:14:00+0000,75,
2023-10-07,0,0,0,2023-10-05 21:00:00+0000,2023-10-05 21:00:00+0000,0,
2023-10-08,87,238,2,2023-10-08 02:05:00+0000,2023-10-08 08:16:00+0000,44,
2023-10-09,75,260,0,2023-10-09 01:47:00+0000,2023-10-09 07:56:00+0000,34,
2023-10-10,58,165,0,2023-10-09 20:51:00+0000,2023-10-10 01:25:00+0000,51,
2023-10-11,123,396,0,2023-10-10 20:53:00+0000,2023-10-11 06:52:00+0000,80,
2023-10-12,72,496,1,2023-10-11 20:14:00+0000,2023-10-12 06:11:00+0000,28,
2023-10-13,72,214,0,2023-10-12 23:51:00+0000,2023-10-13 05:45:00+0000,68,
2023-10-14,162,366,3,2023-10-13 20:28:00+0000,2023-10-14 06:52:00+0000,93,
2023-10-15,0,406,1,2023-10-14 22:13:00+0000,2023-10-15 06:58:00+0000,118,
2023-10-16,127,275,20,2023-10-15 21:14:00+0000,2023-10-16 05:22:00+0000,66,
2023-10-17,39,183,0,2023-10-16 19:35:00+0000,2023-10-17 05:00:00+0000,28,
2023-10-18,159,398,1,2023-10-17 20:04:00+0000,2023-10-18 06:49:00+0000,87,
2023-10-19,99,339,0,2023-10-18 22:34:00+0000,2023-10-19 07:08:00+0000,76,
2023-10-20,119,303,0,2023-10-19 21:02:00+0000,2023-10-20 06:00:00+0000,116,
2023-10-21,93,334,0,2023-10-20 22:48:00+0000,2023-10-21 06:56:00+0000,61,
2023-10-22,80,256,0,2023-10-22 00:28:00+0000,2023-10-22 06:49:00+0000,45,
2023-10-23,74,168,0,2023-10-22 21:42:00+0000,2023-10-23 02:56:00+0000,72,"[{'start':'2022-01-08 00:38:33+0000','end':'2022-01-08 00:38:44+0000'},{'start':'2022-01-08 00:38:45+0000','end':'2022-01-08 00:39:17+0000'},{'start':'2022-01-08 00:39:18+0000','end':'2022-01-08 00:40:44+0000'}]"
2023-10-24,95,221,0,2023-10-23 22:11:00+0000,2023-10-24 04:58:00+0000,91,
2023-10-25,103,293,12,2023-10-24 22:24:00+0000,2023-10-25 06:54:00+0000,102,
2023-10-26,60,147,0,2023-10-25 22:44:00+0000,2023-10-26 02:56:00+0000,45,
2023-10-27,143,380,0,2023-10-26 19:53:00+0000,2023-10-27 07:02:00+0000,146,
2023-10-28,65,357,0,2023-10-27 22:10:00+0000,2023-10-28 06:13:00+0000,61,
2023-10-29,101,278,0,2023-10-29 00:30:00+0000,2023-10-29 08:34:00+0000,105,
2023-10-30,72,269,0,2023-10-29 21:29:00+0000,2023-10-30 03:54:00+0000,44,"[{'start':'2022-01-08 00:42:03+0000','end':'2022-01-08 00:42:16+0000'},{'start':'2022-01-08 00:42:17+0000','end':'2022-01-08 00:42:38+0000'},{'start':'2022-01-08 00:42:39+0000','end':'2022-01-08 00:42:57+0000'},{'start':'2022-01-08 00:42:58+0000','end':'2022-01-08 00:43:01+0000'},{'start':'2022-01-08 00:43:02+0000','end':'2022-01-08 00:44:41+0000'}]"
2023-10-31,41,167,0,2023-10-31 01:40:00+0000,2023-10-31 05:56:00+0000,48,
2023-11-01,57,474,2,2023-10-31 21:13:00+0000,2023-11-01 07:37:00+0000,91,
2023-11-02,103,349,1,2023-11-01 22:24:00+0000,2023-11-02 06:52:00+0000,55,
2023-11-03,115,317,0,2023-11-02 22:50:00+0000,2023-11-03 07:20:00+0000,78,
2023-11-04,84,280,0,2023-11-03 23:26:00+0000,2023-11-04 06:40:00+0000,70,"[{'start':'2022-01-08 00:41:49+0000','end':'2022-01-08 00:42:12+0000'}]"
2023-11-05,127,302,0,2023-11-05 00:14:00+0000,2023-11-05 09:34:00+0000,131,
2023-11-06,36,85,9,2023-11-06 00:57:00+0000,2023-11-06 03:57:00+0000,50,"[{'start':'2022-01-08 00:41:21+0000','end':'2022-01-08 00:41:36+0000'},{'start':'2022-01-08 00:41:37+0000','end':'2022-01-08 00:42:21+0000'},{'start':'2022-01-08 00:42:22+0000','end':'2022-01-08 00:45:22+0000'}]"
2023-11-07,101,273,4,2023-11-06 22:26:00+0000,2023-11-07 06:11:00+0000,87,
2023-11-08,52,263,0,2023-11-07 23:51:00+0000,2023-11-08 06:22:00+0000,76,
2023-11-09,93,332,0,2023-11-08 21:43:00+0000,2023-11-09 06:09:00+0000,81,
2023-11-10,53,149,0,2023-11-09 23:21:00+0000,2023-11-10 03:00:00+0000,17,
2023-11-11,70,312,113,2023-11-10 20:45:00+0000,2023-11-11 08:07:00+0000,187,
2023-11-12,121,412,1,2023-11-11 23:32:00+0000,2023-11-12 09:40:00+0000,74,
2023-11-13,0,245,13,2023-11-13 01:47:00+0000,2023-11-13 07:07:00+0000,62,"[{'start':'2022-01-08 00:37:46+0000','end':'2022-01-08 00:38:39+0000'}]"
2023-11-14,123,315,1,2023-11-14 00:24:00+0000,2023-11-14 09:11:00+0000,88,
2023-11-15,65,189,0,2023-11-14 23:16:00+0000,2023-11-15 04:32:00+0000,62,"[{'start':'2022-01-08 00:41:44+0000','end':'2022-01-08 00:42:57+0000'},{'start':'2022-01-08 00:42:58+0000','end':'2022-01-08 00:43:26+0000'},{'start':'2022-01-08 00:43:27+0000','end':'2022-01-08 00:43:31+0000'}]"
2023-11-16,32,200,0,2023-11-15 23:07:00+0000,2023-11-16 03:54:00+0000,55,
2023-11-17,109,223,38,2023-11-16 23:00:00+0000,2023-11-17 07:05:00+0000,115,
2023-11-18,65,285,0,2023-11-18 01:23:00+0000,2023-11-18 08:04:00+0000,51,
2023-11-19,38,283,0,2023-11-19 02:04:00+0000,2023-11-19 08:11:00+0000,46,"[{'start':'2022-01-08 00:38:37+0000','end':'2022-01-08 00:38:49+0000'},{'start':'2022-01-08 00:38:50+0000','end':'2022-01-08 00:39:04+0000'},{'start':'2022-01-08 00:39:05+0000','end':'2022-01-08 00:39:48+0000'},{'start':'2022-01-08 00:39:49+0000','end':'2022-01-08 00:40:01+0000'},{'start':'2022-01-08 00:40:02+0000','end':'2022-01-08 00:40:31+0000'},{'start':'2022-01-08 00:40:32+0000','end':'2022-01-08 00:40:32+0000'},{'start':'2022-01-08 00:40:33+0000','end':'2022-01-08 00:41:09+0000'}]"
2023-11-20,52,191,0,2023-11-19 22:52:00+0000,2023-11-20 03:33:00+0000,38,"[{'start':'2022-01-08 00:40:33+0000','end':'2022-01-08 00:40:49+0000'},{'start':'2022-01-08 00:40:50+0000','end':'2022-01-08 00:41:18+0000'},{'start':'2022-01-08 00:41:19+0000','end':'2022-01-08 00:41:52+0000'},{'start':'2022-01-08 00:41:53+0000','end':'2022-01-08 00:42:06+0000'},{'start':'2022-01-08 00:42:07+0000','end':'2022-01-08 00:44:09+0000'}]"
2023-11-21,30,169,2,2023-11-21 02:15:00+0000,2023-11-21 06:19:00+0000,43,
2023-11-22,97,343,4,2023-11-21 23:58:00+0000,2023-11-22 08:16:00+0000,54,
2023-11-23,113,344,0,2023-11-22 23:06:00+0000,2023-11-23 08:29:00+0000,106,
2023-11-24,100,247,0,2023-11-24 01:03:00+0000,2023-11-24 07:36:00+0000,46,
2023-11-25,68,430,0,2023-11-24 23:20:00+0000,2023-11-25 08:40:00+0000,62,"[{'start':'2022-01-08 00:42:37+0000','end':'2022-01-08 00:43:37+0000'},{'start':'2022-01-08 00:43:38+0000','end':'2022-01-08 00:43:53+0000'},{'start':'2022-01-08 00:43:54+0000','end':'2022-01-08 00:43:58+0000'}]"
2023-11-26,102,386,49,2023-11-25 23:26:00+0000,2023-11-26 10:13:00+0000,110,
2023-11-27,23,234,0,2023-11-26 22:28:00+0000,2023-11-27 03:59:00+0000,74,
2023-11-28,82,289,3,2023-11-28 00:06:00+0000,2023-11-28 07:00:00+0000,40,
2023-11-29,67,343,0,2023-11-28 22:24:00+0000,2023-11-29 05:58:00+0000,44,
2023-11-30,127,387,1,2023-11-29 22:23:00+0000,2023-11-30 09:02:00+0000,124,
2023-12-01,117,322,12,2023-12-01 00:39:00+0000,2023-12-01 09:37:00+0000,87,"[{'start':'2022-01-08 00:42:45+0000','end':'2022-01-08 00:43:07+0000'}]"
2023-12-02,134,386,4,2023-12-01 23:47:00+0000,2023-12-02 10:11:00+0000,100,
2023-12-03,119,313,0,2023-12-02 23:24:00+0000,2023-12-03 08:56:00+0000,140,"[{'start':'2022-01-08 00:41:44+0000','end':'2022-01-08 00:42:01+0000'},{'start':'2022-01-08 00:42:02+0000','end':'2022-01-08 00:42:22+0000'},{'start':'2022-01-08 00:42:23+0000','end':'2022-01-08 00:43:07+0000'}]"
2023-12-04,65,68,0,2023-12-04 01:40:00+0000,2023-12-04 03:58:00+0000,5,
2023-12-05,124,396,22,2023-12-04 19:52:00+0000,2023-12-05 06:47:00+0000,113,
2023-12-06,55,580,0,2023-12-05 22:05:00+0000,2023-12-06 09:27:00+0000,47,
2023-12-07,138,463,24,2023-12-06 21:44:00+0000,2023-12-07 08:57:00+0000,48,
2023-12-08,104,333,0,2023-12-07 23:42:00+0000,2023-12-08 08:09:00+0000,70,
2023-12-09,65,404,8,2023-12-08 23:25:00+0000,2023-12-09 08:29:00+0000,67,
2023-12-10,90,320,0,2023-12-10 02:28:00+0000,2023-12-10 09:55:00+0000,37,
2023-12-11,84,264,59,2023-12-10 22:12:00+0000,2023-12-11 06:39:00+0000,100,
2023-12-12,94,338,1,2023-12-11 22:33:00+0000,2023-12-12 06:36:00+0000,50,
2023-12-13,97,313,3,2023-12-12 22:08:00+0000,2023-12-13 07:13:00+0000,132,
2023-12-14,110,368,4,2023-12-13 23:19:00+0000,2023-12-14 08:13:00+0000,52,
2023-12-15,88,330,0,2023-12-15 00:07:00+0000,2023-12-15 07:29:00+0000,24,
2023-12-16,108,336,0,2023-12-15 23:08:00+0000,2023-12-16 08:45:00+0000,133,
2023-12-17,130,377,0,2023-12-16 21:57:00+0000,2023-12-17 08:20:00+0000,116,
2023-12-18,56,155,0,2023-12-17 23:34:00+0000,2023-12-18 03:59:00+0000,54,
2023-12-19,89,301,0,2023-12-18 23:03:00+0000,2023-12-19 06:29:00+0000,56,
2023-12-20,111,306,10,2023-12-19 23:16:00+0000,2023-12-20 07:44:00+0000,81,
2023-12-21,64,166,1,2023-12-21 00:11:00+0000,2023-12-21 05:15:00+0000,73,
2023-12-22,131,331,0,2023-12-21 21:52:00+0000,2023-12-22 07:50:00+0000,136,
2023-12-23,112,265,0,2023-12-23 01:13:00+0000,2023-12-23 09:03:00+0000,93,
2023-12-24,116,332,14,2023-12-24 01:10:00+0000,2023-12-24 10:23:00+0000,91,
2023-12-25,85,207,0,2023-12-25 02:40:00+0000,2023-12-25 08:44:00+0000,72,
2023-12-26,102,374,0,2023-12-26 00:01:00+0000,2023-12-26 09:02:00+0000,65,
2023-12-27,104,397,3,2023-12-27 01:06:00+0000,2023-12-27 10:34:00+0000,64,
2023-12-28,77,235,4,2023-12-28 02:18:00+0000,2023-12-28 08:51:00+0000,77,
2023-12-29,97,279,0,2023-12-29 02:19:00+0000,2023-12-29 10:24:00+0000,109,
2023-12-30,120,359,3,2023-12-30 00:38:00+0000,2023-12-30 10:22:00+0000,102,
2023-12-31,62,243,1,2023-12-31 00:11:00+0000,2023-12-31 06:39:00+0000,82,"[{'start':'2022-01-08 00:39:14+0000','end':'2022-01-08 00:39:48+0000'}]"
2024-01-01,67,365,0,2024-01-01 00:23:00+0000,2024-01-01 08:32:00+0000,57,
2024-01-02,115,357,0,2024-01-02 00:46:00+0000,2024-01-02 09:53:00+0000,75,
2024-01-03,70,234,0,2024-01-02 23:02:00+0000,2024-01-03 05:03:00+0000,57,
2024-01-04,117,287,17,2024-01-04 00:11:00+0000,2024-01-04 09:29:00+0000,137,
2024-01-05,92,314,30,2024-01-04 23:32:00+0000,2024-01-05 08:36:00+0000,108,"[{'start':'2022-01-08 00:43:37+0000','end':'2022-01-08 00:44:08+0000'},{'start':'2022-01-08 00:44:09+0000','end':'2022-01-08 00:44:09+0000'},{'start':'2022-01-08 00:44:10+0000','end':'2022-01-08 00:45:19+0000'}]"
2024-01-06,91,314,0,2024-01-06 00:34:00+0000,2024-01-06 09:08:00+0000,109,
2024-01-07,87,244,0,2024-01-06 21:04:00+0000,2024-01-07 04:04:00+0000,89,"[{'start':'2022-01-08 00:33:20+0000','end':'2022-01-08 00:34:17+0000'},{'start':'2022-01-08 00:34:18+0000','end':'2022-01-08 00:34:29+0000'},{'start':'2022-01-08 00:34:30+0000','end':'2022-01-08 00:35:51+0000'},{'start':'2022-01-08 00:35:52+0000','end':'2022-01-08 00:35:52+0000'},{'start':'2022-01-08 00:35:53+0000','end':'2022-01-08 00:36:32+0000'},{'start':'2022-01-08 00:36:33+0000','end':'2022-01-08 00:36:51+0000'},{'start':'2022-01-08 00:36:52+0000','end':'2022-01-08 00:36:53+0000'}]"
2024-01-08,0,20,0,2024-01-07 23:44:00+0000,2024-01-08 00:04:00+0000,0,"[{'start':'2022-01-08 00:41:54+0000','end':'2022-01-08 00:42:05+0000'},{'start':'2022-01-08 00:42:06+0000','end':'2022-01-08 00:42:33+0000'},{'start':'2022-01-08 00:42:34+0000','end':'2022-01-08 00:42:41+0000'},{'start':'2022-01-08 00:42:42+0000','end':'2022-01-08 00:42:42+0000'},{'start':'2022-01-08 00:42:43+0000','end':'2022-01-08 00:43:53+0000'}]"
2024-01-09,64,216,0,2024-01-09 00:23:00+0000,2024-01-09 06:11:00+0000,68,
2024-01-10,102,279,0,2024-01-10 03:10:00+0000,2024-01-10 11:08:00+0000,97,
2024-01-11,142,302,3,2024-01-11 00:26:00+0000,2024-01-11 09:59:00+0000,126,"[{'start':'2022-01-08 00:43:15+0000','end':'2022-01-08 00:43:52+0000'},{'start':'2022-01-08 00:43:53+0000','end':'2022-01-08 00:44:13+0000'},{'start':'2022-01-08 00:44:14+0000','end':'2022-01-08 00:46:00+0000'}]"
2024-01-12,48,130,0,2024-01-12 02:22:00+0000,2024-01-12 06:02:00+0000,42,
2024-01-13,132,363,14,2024-01-12 23:28:00+0000,2024-01-13 09:31:00+0000,94,"[{'start':'2022-01-08 00:41:18+0000','end':'2022-01-08 00:41:50+0000'},{'start':'2022-01-08 00:41:51+0000','end':'2022-01-08 00:42:04+0000'},{'start':'2022-01-08 00:42:05+0000','end':'2022-01-08 00:43:13+0000'}]"
2024-01-14,89,278,3,2024-01-14 01:06:00+0000,2024-01-14 08:13:00+0000,57,
2024-01-15,81,218,3,2024-01-14 22:34:00+0000,2024-01-15 05:11:00+0000,95,
2024-01-16,86,233,4,2024-01-16 01:15:00+0000,2024-01-16 07:54:00+0000,76,
2024-01-17,118,400,1,2024-01-17 00:00:00+0000,2024-01-17 10:16:00+0000,97,
2024-01-18,28,106,0,2024-01-18 01:20:00+0000,2024-01-18 04:01:00+0000,27,
2024-01-19,90,299,1,2024-01-19 01:22:00+0000,2024-01-19 09:00:00+0000,68,
2024-01-20,113,315,22,2024-01-20 00:52:00+0000,2024-01-20 10:02:00+0000,100,
2024-01-21,97,281,1,2024-01-21 01:53:00+0000,2024-01-21 09:59:00+0000,107,
2024-01-22,83,153,106,2024-01-22 01:43:00+0000,2024-01-22 08:48:00+0000,83,
2024-01-23,46,405,28,2024-01-23 00:20:00+0000,2024-01-23 10:09:00+0000,110,"[{'start':'2022-01-08 00:44:40+0000','end':'2022-01-08 00:45:44+0000'}]"
2024-01-24,0,50,0,2024-01-24 04:24:00+0000,2024-01-24 05:14:00+0000,0,"[{'start':'2022-01-08 00:35:18+0000','end':'2022-01-08 00:35:47+0000'},{'start':'2022-01-08 00:35:48+0000','end':'2022-01-08 00:36:00+0000'},{'start':'2022-01-08 00:36:01+0000','end':'2022-01-08 00:36:18+0000'},{'start':'2022-01-08 00:36:19+0000','end':'2022-01-08 00:36:42+0000'},{'start':'2022-01-08 00:36:43+0000','end':'2022-01-08 00:36:52+0000'},{'start':'2022-01-08 00:36:53+0000','end':'2022-01-08 00:39:08+0000'},{'start':'2022-01-08 00:39:09+0000','end':'2022-01-08 00:39:34+0000'},{'start':'2022-01-08 00:39:35+0000','end':'2022-01-08 00:39:37+0000'},{'start':'2022-01-08 00:39:38+0000','end':'2022-01-08 00:39:57+0000'}]"
2024-01-25,109,214,0,2024-01-25 03:12:00+0000,2024-01-25 10:21:00+0000,106,
2024-01-26,100,279,11,2024-01-26 01:49:00+0000,2024-01-26 10:27:00+0000,128,
2024-01-27,97,270,22,2024-01-27 00:37:00+0000,2024-01-27 08:51:00+0000,105,
2024-01-28,134,330,0,2024-01-27 23:29:00+0000,2024-01-28 09:45:00+0000,152,
2024-01-29,102,302,0,2024-01-29 00:34:00+0000,2024-01-29 09:15:00+0000,117,
2024-01-30,38,352,0,2024-01-30 01:56:00+0000,2024-01-30 09:29:00+0000,63,
2024-01-31,87,333,12,2024-01-31 01:21:00+0000,2024-01-31 09:58:00+0000,85,
2024-02-01,86,246,0,2024-02-01 02:10:00+0000,2024-02-01 09:30:00+0000,108,"[{'start':'2022-01-08 00:40:17+0000','end':'2022-01-08 00:41:17+0000'},{'start':'2022-01-08 00:41:18+0000','end':'2022-01-08 00:41:35+0000'},{'start':'2022-01-08 00:41:36+0000','end':'2022-01-08 00:41:52+0000'},{'start':'2022-01-08 00:41:53+0000','end':'2022-01-08 00:42:00+0000'},{'start':'2022-01-08 00:42:01+0000','end':'2022-01-08 00:42:44+0000'},{'start':'2022-01-08 00:42:45+0000','end':'2022-01-08 00:42:53+0000'},{'start':'2022-01-08 00:42:54+0000','end':'2022-01-08 00:43:28+0000'}]"
2024-02-02,84,193,0,2024-02-02 03:23:00+0000,2024-02-02 09:32:00+0000,92,
2024-02-03,67,403,0,2024-02-03 02:11:00+0000,2024-02-03 11:32:00+0000,91,
2024-02-04,45,376,0,2024-02-04 03:00:00+0000,2024-02-04 11:20:00+0000,79,
2024-02-05,0,0,0,2024-02-03 22:00:00+0000,2024-02-03 22:00:00+0000,0,"[{'start':'2022-01-08 00:36:22+0000','end':'2022-01-08 00:36:44+0000'},{'start':'2022-01-08 00:36:45+0000','end':'2022-01-08 00:36:50+0000'},{'start':'2022-01-08 00:36:51+0000','end':'2022-01-08 00:37:28+0000'},{'start':'2022-01-08 00:37:29+0000','end':'2022-01-08 00:37:35+0000'},{'start':'2022-01-08 00:37:36+0000','end':'2022-01-08 00:37:45+0000'},{'start':'2022-01-08 00:37:46+0000','end':'2022-01-08 00:38:00+0000'},{'start':'2022-01-08 00:38:01+0000','end':'2022-01-08 00:39:10+0000'}]"
2024-02-06,49,200,0,2024-02-06 02:07:00+0000,2024-02-06 07:36:00+0000,80,
2024-02-07,20,355,0,2024-02-07 02:51:00+0000,2024-02-07 10:56:00+0000,110,
2024-02-08,76,282,0,2024-02-08 03:15:00+0000,2024-02-08 10:50:00+0000,97,
2024-02-09,96,437,7,2024-02-09 01:35:00+0000,2024-02-09 11:56:00+0000,81,
2024-02-10,98,255,0,2024-02-10 02:10:00+0000,2024-02-10 09:53:00+0000,110,
2024-02-11,0,0,0,2024-02-09 22:00:00+0000,2024-02-09 22:00:00+0000,0,
2024-02-12,81,379,12,2024-02-12 01:59:00+0000,2024-02-12 11:16:00+0000,85,
2024-02-13,35,151,0,2024-02-13 01:08:00+0000,2024-02-13 05:18:00+0000,64,"[{'start':'2022-01-08 00:35:43+0000','end':'2022-01-08 00:36:19+0000'},{'start':'2022-01-08 00:36:20+0000','end':'2022-01-08 00:36:29+0000'},{'start':'2022-01-08 00:36:30+0000','end':'2022-01-08 00:36:42+0000'},{'start':'2022-01-08 00:36:43+0000','end':'2022-01-08 00:36:52+0000'},{'start':'2022-01-08 00:36:53+0000','end':'2022-01-08 00:36:56+0000'},{'start':'2022-01-08 00:36:57+0000','end':'2022-01-08 00:37:04+0000'},{'start':'2022-01-08 00:37:05+0000','end':'2022-01-08 00:37:22+0000'},{'start':'2022-01-08 00:37:23+0000','end':'2022-01-08 00:37:30+0000'},{'start':'2022-01-08 00:37:31+0000','end':'2022-01-08 00:38:37+0000'}]"
2024-02-14,75,219,0,2024-02-14 02:11:00+0000,2024-02-14 07:58:00+0000,53,"[{'start':'2022-01-08 00:36:36+0000','end':'2022-01-08 00:37:41+0000'}]"
2024-02-15,48,132,0,2024-02-15 01:08:00+0000,2024-02-15 04:58:00+0000,50,
2024-02-16,92,315,0,2024-02-15 20:12:00+0000,2024-02-16 04:02:00+0000,63,
2024-02-17,69,542,0,2024-02-16 22:54:00+0000,2024-02-17 10:20:00+0000,75,"[{'start':'2022-01-08 00:41:56+0000','end':'2022-01-08 00:42:10+0000'},{'start':'2022-01-08 00:42:11+0000','end':'2022-01-08 00:42:14+0000'},{'start':'2022-01-08 00:42:15+0000','end':'2022-01-08 00:42:46+0000'},{'start':'2022-01-08 00:42:47+0000','end':'2022-01-08 00:42:54+0000'},{'start':'2022-01-08 00:42:55+0000','end':'2022-01-08 00:44:05+0000'}]"
2024-02-18,46,170,0,2024-02-18 03:38:00+0000,2024-02-18 07:48:00+0000,34,
2024-02-19,199,455,17,2024-02-18 18:15:00+0000,2024-02-19 08:43:00+0000,197,
2024-02-20,80,249,0,2024-02-20 00:03:00+0000,2024-02-20 06:46:00+0000,74,"[{'start':'2022-01-08 00:38:46+0000','end':'2022-01-08 00:39:41+0000'}]"
2024-02-21,85,246,0,2024-02-20 23:59:00+0000,2024-02-21 07:09:00+0000,99,
2024-02-22,86,266,0,2024-02-21 23:39:00+0000,2024-02-22 06:26:00+0000,55,"[{'start':'2022-01-08 00:40:39+0000','end':'2022-01-08 00:41:10+0000'},{'start':'2022-01-08 00:41:11+0000','end':'2022-01-08 00:41:20+0000'},{'start':'2022-01-08 00:41:21+0000','end':'2022-01-08 00:41:25+0000'},{'start':'2022-01-08 00:41:26+0000','end':'2022-01-08 00:41:35+0000'},{'start':'2022-01-08 00:41:36+0000','end':'2022-01-08 00:42:37+0000'}]"
2024-02-23,120,305,0,2024-02-22 23:10:00+0000,2024-02-23 08:12:00+0000,117,
2024-02-24,126,360,11,2024-02-23 23:24:00+0000,2024-02-24 09:06:00+0000,85,
2024-02-25,134,271,15,2024-02-25 01:32:00+0000,2024-02-25 10:22:00+0000,110,
2024-02-26,33,101,0,2024-02-25 23:24:00+0000,2024-02-26 02:29:00+0000,51,
2024-02-27,94,343,2,2024-02-26 23:19:00+0000,2024-02-27 08:52:00+0000,134,
2024-02-28,107,321,0,2024-02-27 22:55:00+0000,2024-02-28 07:02:00+0000,59,
2024-02-29,108,249,110,2024-02-28 22:06:00+0000,2024-02-29 06:53:00+0000,60,
2024-03-01,103,285,12,2024-02-29 20:46:00+0000,2024-03-01 04:55:00+0000,89,
2024-03-02,120,318,0,2024-03-02 02:07:00+0000,2024-03-02 10:14:00+0000,49,"[{'start':'2022-01-08 00:41:01+0000','end':'2022-01-08 00:41:27+0000'}]"
2024-03-03,77,206,11,2024-03-02 22:13:00+0000,2024-03-03 04:48:00+0000,101,"[{'start':'2022-01-08 00:32:05+0000','end':'2022-01-08 00:32:27+0000'},{'start':'2022-01-08 00:32:28+0000','end':'2022-01-08 00:33:16+0000'},{'start':'2022-01-08 00:33:17+0000','end':'2022-01-08 00:35:51+0000'}]"
2024-03-04,106,280,0,2024-03-03 23:47:00+0000,2024-03-04 08:03:00+0000,110,
2024-03-05,124,378,0,2024-03-04 21:05:00+0000,2024-03-05 06:24:00+0000,57,
2024-03-06,101,226,0,2024-03-06 00:37:00+0000,2024-03-06 07:06:00+0000,62,
2024-03-07,86,247,0,2024-03-07 00:10:00+0000,2024-03-07 07:18:00+0000,95,
2024-03-08,150,367,9,2024-03-07 22:43:00+0000,2024-03-08 09:41:00+0000,132,
2024-03-09,84,307,0,2024-03-08 23:08:00+0000,2024-03-09 07:35:00+0000,116,
2024-03-10,115,287,22,2024-03-09 22:25:00+0000,2024-03-10 07:27:00+0000,118,
2024-03-11,65,183,0,2024-03-11 01:26:00+0000,2024-03-11 06:26:00+0000,52,
2024-03-12,94,275,2,2024-03-11 22:46:00+0000,2024-03-12 06:52:00+0000,115,"[{'start':'2022-01-08 00:38:08+0000','end':'2022-01-08 00:38:20+0000'},{'start':'2022-01-08 00:38:21+0000','end':'2022-01-08 00:38:52+0000'},{'start':'2022-01-08 00:38:53+0000','end':'2022-01-08 00:41:00+0000'},{'start':'2022-01-08 00:46:53+0000','end':'2022-01-08 00:47:24+0000'}]"
2024-03-13,47,397,129,2024-03-12 20:53:00+0000,2024-03-13 07:38:00+0000,72,
2024-03-14,47,291,0,2024-03-13 22:22:00+0000,2024-03-14 05:53:00+0000,113,"[{'start':'2022-01-08 00:40:34+0000','end':'2022-01-08 00:40:47+0000'},{'start':'2022-01-08 00:40:48+0000','end':'2022-01-08 00:40:55+0000'},{'start':'2022-01-08 00:40:56+0000','end':'2022-01-08 00:41:54+0000'}]"
2024-03-15,61,470,1,2024-03-14 22:57:00+0000,2024-03-15 10:04:00+0000,135,
2024-03-16,84,307,0,2024-03-15 21:29:00+0000,2024-03-16 04:51:00+0000,51,"[{'start':'2022-01-08 00:32:11+0000','end':'2022-01-08 00:33:05+0000'}]"
2024-03-17,126,318,2,2024-03-16 22:21:00+0000,2024-03-17 08:01:00+0000,134,
2024-03-18,90,253,0,2024-03-18 00:37:00+0000,2024-03-18 07:40:00+0000,80,
2024-03-19,60,282,0,2024-03-19 00:24:00+0000,2024-03-19 07:15:00+0000,69,
2024-03-20,107,291,3,2024-03-19 23:35:00+0000,2024-03-20 07:50:00+0000,94,
2024-03-21,81,361,0,2024-03-21 00:25:00+0000,2024-03-21 09:30:00+0000,103,
2024-03-22,86,132,13,2024-03-22 04:43:00+0000,2024-03-22 09:29:00+0000,55,
2024-03-23,142,352,1,2024-03-23 01:04:00+0000,2024-03-23 11:28:00+0000,129,
2024-03-24,113,398,0,2024-03-24 00:55:00+0000,2024-03-24 10:29:00+0000,63,"[{'start':'2022-01-08 00:42:02+0000','end':'2022-01-08 00:42:20+0000'}]"
2024-03-25,85,281,4,2024-03-24 22:57:00+0000,2024-03-25 06:02:00+0000,55,
2024-03-26,93,453,0,2024-03-25 22:55:00+0000,2024-03-26 09:45:00+0000,104,
2024-03-27,16,154,0,2024-03-27 00:43:00+0000,2024-03-27 04:01:00+0000,28,
2024-03-28,110,300,0,2024-03-27 22:02:00+0000,2024-03-28 05:48:00+0000,56,
2024-03-29,94,390,0,2024-03-28 23:18:00+0000,2024-03-29 08:26:00+0000,64,"[{'start':'2022-01-08 00:41:10+0000','end':'2022-01-08 00:41:25+0000'},{'start':'2022-01-08 00:41:26+0000','end':'2022-01-08 00:41:47+0000'},{'start':'2022-01-08 00:41:48+0000','end':'2022-01-08 00:42:09+0000'},{'start':'2022-01-08 00:42:10+0000','end':'2022-01-08 00:42:20+0000'},{'start':'2022-01-08 00:42:21+0000','end':'2022-01-08 00:43:48+0000'}]"
2024-03-30,0,0,0,2024-03-28 22:00:00+0000,2024-03-28 22:00:00+0000,0,"[{'start':'2022-01-08 00:32:27+0000','end':'2022-01-08 00:32:39+0000'},{'start':'2022-01-08 00:32:40+0000','end':'2022-01-08 00:32:48+0000'},{'start':'2022-01-08 00:32:49+0000','end':'2022-01-08 00:32:59+0000'},{'start':'2022-01-08 00:33:00+0000','end':'2022-01-08 00:33:13+0000'},{'start':'2022-01-08 00:33:14+0000','end':'2022-01-08 00:34:22+0000'},{'start':'2022-01-08 00:34:23+0000','end':'2022-01-08 00:34:30+0000'},{'start':'2022-01-08 00:34:31+0000','end':'2022-01-08 00:35:09+0000'}]"
2024-03-31,116,376,62,2024-03-30 23:55:00+0000,2024-03-31 11:01:00+0000,112,
2024-04-01,66,222,1,2024-04-01 00:21:00+0000,2024-04-01 05:54:00+0000,44,
2024-04-02,111,486,0,2024-04-01 21:35:00+0000,2024-04-02 08:37:00+0000,65,
2024-04-03,58,201,0,2024-04-02 22:32:00+0000,2024-04-03 03:10:00+0000,19,
2024-04-04,74,385,7,2024-04-03 20:54:00+0000,2024-04-04 06:01:00+0000,81,
2024-04-05,79,396,1,2024-04-04 20:17:00+0000,2024-04-05 05:27:00+0000,74,
2024-04-06,101,340,0,2024-04-05 23:21:00+0000,2024-04-06 09:06:00+0000,144,
2024-04-07,19,126,0,2024-04-06 22:31:00+0000,2024-04-07 01:08:00+0000,12,
2024-04-08,95,235,0,2024-04-07 23:12:00+0000,2024-04-08 05:14:00+0000,32,
2024-04-09,105,376,3,2024-04-08 20:07:00+0000,2024-04-09 05:05:00+0000,54,
2024-04-10,138,328,0,2024-04-09 20:47:00+0000,2024-04-10 06:25:00+0000,112,
2024-04-11,84,264,9,2024-04-10 21:48:00+0000,2024-04-11 05:04:00+0000,79,
2024-04-12,92,246,12,2024-04-11 21:43:00+0000,2024-04-12 05:07:00+0000,94,
2024-04-13,81,413,0,2024-04-12 19:35:00+0000,2024-04-13 05:02:00+0000,73,
2024-04-14,131,352,3,2024-04-13 20:28:00+0000,2024-04-14 06:37:00+0000,123,
2024-04-15,85,235,0,2024-04-14 21:53:00+0000,2024-04-15 04:58:00+0000,105,
2024-04-16,84,331,0,2024-04-15 20:31:00+0000,2024-04-16 04:49:00+0000,83,
2024-04-17,47,280,0,2024-04-16 18:15:00+0000,2024-04-17 00:41:00+0000,59,
2024-04-18,149,388,48,2024-04-17 19:39:00+0000,2024-04-18 07:03:00+0000,99,
2024-04-19,110,334,0,2024-04-18 21:41:00+0000,2024-04-19 06:12:00+0000,67,
2024-04-20,107,276,11,2024-04-19 20:19:00+0000,2024-04-20 05:01:00+0000,128,
2024-04-21,107,309,0,2024-04-20 21:08:00+0000,2024-04-21 05:54:00+0000,110,
2024-04-22,116,290,3,2024-04-21 20:46:00+0000,2024-04-22 05:35:00+0000,120,
2024-04-23,78,361,16,2024-04-22 21:53:00+0000,2024-04-23 07:05:00+0000,97,
2024-04-24,109,300,19,2024-04-23 20:52:00+0000,2024-04-24 06:01:00+0000,121,
2024-04-25,81,251,0,2024-04-24 20:41:00+0000,2024-04-25 02:55:00+0000,42,
2024-04-26,83,279,0,2024-04-25 20:52:00+0000,2024-04-26 04:05:00+0000,71,
2024-04-27,84,652,0,2024-04-26 15:40:00+0000,2024-04-27 04:40:00+0000,44,"[{'start':'2022-01-08 00:43:04+0000','end':'2022-01-08 00:45:40+0000'}]"
2024-04-28,93,276,0,2024-04-27 20:29:00+0000,2024-04-28 04:27:00+0000,109,
2024-04-29,97,252,3,2024-04-28 22:21:00+0000,2024-04-29 06:07:00+0000,114,"[{'start':'2022-01-08 00:34:57+0000','end':'2022-01-08 00:35:19+0000'},{'start':'2022-01-08 00:37:42+0000','end':'2022-01-08 00:38:00+0000'}]"
2024-04-30,12,210,0,2024-04-29 20:38:00+0000,2024-04-30 00:45:00+0000,25,
2024-05-01,119,305,50,2024-04-30 19:41:00+0000,2024-05-01 05:54:00+0000,139,
2024-05-02,69,286,2,2024-05-01 23:06:00+0000,2024-05-02 05:58:00+0000,55,
2024-05-03,70,353,5,2024-05-02 22:50:00+0000,2024-05-03 07:15:00+0000,77,
2024-05-04,0,0,0,2024-05-02 21:00:00+0000,2024-05-02 21:00:00+0000,0,
2024-05-05,25,226,2,2024-05-05 03:14:00+0000,2024-05-05 08:10:00+0000,43,
2024-05-06,73,320,0,2024-05-05 23:15:00+0000,2024-05-06 06:52:00+0000,64,
2024-05-07,90,349,0,2024-05-06 22:18:00+0000,2024-05-07 06:54:00+0000,77,
2024-05-08,109,263,14,2024-05-07 21:31:00+0000,2024-05-08 06:02:00+0000,125,
2024-05-09,88,285,0,2024-05-08 21:55:00+0000,2024-05-09 05:06:00+0000,58,
2024-05-10,83,262,0,2024-05-09 21:19:00+0000,2024-05-10 04:49:00+0000,105,
2024-05-11,19,122,0,2024-05-10 22:41:00+0000,2024-05-11 01:14:00+0000,12,"[{'start':'2022-01-08 00:36:37+0000','end':'2022-01-08 00:38:19+0000'},{'start':'2022-01-08 00:38:20+0000','end':'2022-01-08 00:38:28+0000'},{'start':'2022-01-08 00:38:29+0000','end':'2022-01-08 00:38:37+0000'},{'start':'2022-01-08 00:38:38+0000','end':'2022-01-08 00:38:59+0000'},{'start':'2022-01-08 00:39:00+0000','end':'2022-01-08 00:39:15+0000'}]"
2024-05-12,87,311,0,2024-05-11 23:30:00+0000,2024-05-12 07:06:00+0000,58,
2024-05-13,93,295,0,2024-05-12 23:43:00+0000,2024-05-13 07:01:00+0000,50,
2024-05-14,56,262,0,2024-05-13 22:16:00+0000,2024-05-14 04:33:00+0000,59,
2024-05-15,91,256,1,2024-05-14 22:19:00+0000,2024-05-15 05:42:00+0000,95,
2024-05-16,109,234,11,2024-05-15 22:01:00+0000,2024-05-16 05:14:00+0000,79,
2024-05-17,98,249,2,2024-05-16 21:20:00+0000,2024-05-17 04:35:00+0000,86,
2024-05-18,98,187,0,2024-05-17 22:33:00+0000,2024-05-18 04:31:00+0000,73,
2024-05-19,78,182,0,2024-05-19 00:56:00+0000,2024-05-19 06:32:00+0000,76,
2024-05-20,82,396,1,2024-05-19 20:32:00+0000,2024-05-20 06:59:00+0000,148,
2024-05-21,116,295,0,2024-05-20 18:39:00+0000,2024-05-21 03:23:00+0000,113,
2024-05-22,122,212,0,2024-05-21 21:21:00+0000,2024-05-22 04:40:00+0000,105,
2024-05-23,115,170,1,2024-05-22 22:59:00+0000,2024-05-23 04:28:00+0000,43,"[{'start':'2022-01-08 00:41:38+0000','end':'2022-01-08 00:41:52+0000'},{'start':'2022-01-08 00:41:53+0000','end':'2022-01-08 00:42:26+0000'},{'start':'2022-01-08 00:42:27+0000','end':'2022-01-08 00:42:55+0000'},{'start':'2022-01-08 00:42:56+0000','end':'2022-01-08 00:43:06+0000'},{'start':'2022-01-08 00:43:07+0000','end':'2022-01-08 00:43:47+0000'}]"
2024-05-24,85,167,0,2024-05-23 23:07:00+0000,2024-05-24 04:32:00+0000,73,
2024-05-25,117,373,0,2024-05-24 20:04:00+0000,2024-05-25 05:26:00+0000,72,
2024-05-26,120,405,0,2024-05-25 20:47:00+0000,2024-05-26 06:50:00+0000,78,
2024-05-27,117,231,1,2024-05-26 22:07:00+0000,2024-05-27 05:30:00+0000,94,"[{'start':'2022-01-08 00:41:15+0000','end':'2022-01-08 00:42:33+0000'},{'start':'2022-01-08 00:42:34+0000','end':'2022-01-08 00:43:02+0000'},{'start':'2022-01-08 00:43:03+0000','end':'2022-01-08 00:43:55+0000'}]"
2024-05-28,50,228,0,2024-05-27 21:55:00+0000,2024-05-28 03:00:00+0000,27,
2024-05-29,0,471,0,2024-05-28 19:46:00+0000,2024-05-29 05:36:00+0000,119,
2024-05-30,110,205,25,2024-05-29 22:43:00+0000,2024-05-30 05:28:00+0000,65,"[{'start':'2022-01-08 00:45:49+0000','end':'2022-01-08 00:46:07+0000'}]"
2024-05-31,109,323,4,2024-05-30 20:58:00+0000,2024-05-31 06:07:00+0000,113,
2024-06-01,98,335,3,2024-05-31 21:24:00+0000,2024-06-01 05:53:00+0000,73,
2024-06-02,103,309,3,2024-06-01 21:37:00+0000,2024-06-02 06:01:00+0000,89,
2024-06-03,122,267,65,2024-06-02 21:54:00+0000,2024-06-03 06:24:00+0000,56,
2024-06-04,83,219,19,2024-06-03 22:00:00+0000,2024-06-04 04:52:00+0000,91,
2024-06-05,139,382,34,2024-06-04 19:32:00+0000,2024-06-05 06:13:00+0000,86,
2024-06-06,112,230,15,2024-06-05 21:16:00+0000,2024-06-06 04:54:00+0000,101,
2024-06-07,65,121,1,2024-06-06 22:07:00+0000,2024-06-07 01:58:00+0000,44,"[{'start':'2022-01-08 00:41:09+0000','end':'2022-01-08 00:41:33+0000'},{'start':'2022-01-08 00:41:34+0000','end':'2022-01-08 00:41:47+0000'},{'start':'2022-01-08 00:41:48+0000','end':'2022-01-08 00:42:33+0000'},{'start':'2022-01-08 00:42:34+0000','end':'2022-01-08 00:42:43+0000'},{'start':'2022-01-08 00:42:44+0000','end':'2022-01-08 00:43:14+0000'}]"
2024-06-08,102,330,0,2024-06-08 00:44:00+0000,2024-06-08 08:40:00+0000,44,
2024-06-09,100,235,1,2024-06-09 00:14:00+0000,2024-06-09 07:35:00+0000,105,
2024-06-10,87,225,2,2024-06-09 23:22:00+0000,2024-06-10 05:30:00+0000,54,
2024-06-11,99,325,0,2024-06-10 21:23:00+0000,2024-06-11 05:53:00+0000,86,
2024-06-12,98,253,0,2024-06-11 23:23:00+0000,2024-06-12 06:23:00+0000,69,
2024-06-13,73,264,2,2024-06-12 20:33:00+0000,2024-06-13 03:34:00+0000,82,"[{'start':'2022-01-08 00:38:44+0000','end':'2022-01-08 00:39:06+0000'},{'start':'2022-01-08 00:40:53+0000','end':'2022-01-08 00:41:23+0000'},{'start':'2022-01-08 00:41:24+0000','end':'2022-01-08 00:41:50+0000'},{'start':'2022-01-08 00:41:51+0000','end':'2022-01-08 00:43:36+0000'}]"
2024-06-14,116,345,0,2024-06-13 22:35:00+0000,2024-06-14 07:03:00+0000,47,
2024-06-15,106,340,4,2024-06-14 20:57:00+0000,2024-06-15 06:07:00+0000,100,
2024-06-16,129,291,41,2024-06-15 21:26:00+0000,2024-06-16 07:28:00+0000,141,
2024-06-17,79,228,11,2024-06-16 23:46:00+0000,2024-06-17 06:10:00+0000,66,
2024-06-18,94,262,0,2024-06-17 22:28:00+0000,2024-06-18 06:05:00+0000,101,
2024-06-19,97,327,0,2024-06-18 23:00:00+0000,2024-06-19 07:21:00+0000,77,
2024-06-20,74,337,0,2024-06-19 22:17:00+0000,2024-06-20 06:31:00+0000,83,
2024-06-21,93,304,21,2024-06-20 21:33:00+0000,2024-06-21 06:39:00+0000,128,
2024-06-22,101,281,0,2024-06-21 22:46:00+0000,2024-06-22 06:41:00+0000,93,
2024-06-23,86,257,21,2024-06-22 22:16:00+0000,2024-06-23 05:19:00+0000,59,
2024-06-24,136,238,0,2024-06-23 22:03:00+0000,2024-06-24 05:39:00+0000,82,
2024-06-25,79,277,2,2024-06-24 23:30:00+0000,2024-06-25 06:14:00+0000,46,
2024-06-26,65,187,1,2024-06-25 22:41:00+0000,2024-06-26 03:46:00+0000,52,"[{'start':'2022-01-08 00:32:38+0000','end':'2022-01-08 00:33:31+0000'}]"
2024-06-27,107,296,0,2024-06-26 21:36:00+0000,2024-06-27 06:12:00+0000,113,
2024-06-28,93,306,0,2024-06-27 23:34:00+0000,2024-06-28 07:15:00+0000,62,
2024-06-29,85,229,3,2024-06-29 01:02:00+0000,2024-06-29 07:44:00+0000,85,
2024-06-30,130,254,29,2024-06-29 22:45:00+0000,2024-06-30 07:59:00+0000,141,"[{'start':'2022-01-08 00:40:08+0000','end':'2022-01-08 00:41:02+0000'},{'start':'2022-01-08 00:41:03+0000','end':'2022-01-08 00:41:13+0000'},{'start':'2022-01-08 00:41:14+0000','end':'2022-01-08 00:42:20+0000'}]"
2024-07-01,74,258,0,2024-07-01 00:56:00+0000,2024-07-01 07:20:00+0000,52,
2024-07-02,52,409,0,2024-07-01 21:23:00+0000,2024-07-02 07:14:00+0000,130,
2024-07-03,96,290,1,2024-07-02 23:45:00+0000,2024-07-03 07:29:00+0000,77,
2024-07-04,125,374,0,2024-07-03 21:04:00+0000,2024-07-04 07:25:00+0000,122,
2024-07-05,67,361,0,2024-07-04 22:42:00+0000,2024-07-05 06:59:00+0000,69,
2024-07-06,39,244,38,2024-07-05 21:30:00+0000,2024-07-06 03:53:00+0000,62,
2024-07-07,67,387,8,2024-07-06 20:26:00+0000,2024-07-07 05:30:00+0000,82,
2024-07-08,18,198,9,2024-07-08 00:18:00+0000,2024-07-08 04:17:00+0000,14,
2024-07-09,115,345,5,2024-07-08 22:31:00+0000,2024-07-09 07:54:00+0000,98,
2024-07-10,87,237,0,2024-07-09 23:46:00+0000,2024-07-10 06:17:00+0000,67,
2024-07-11,68,412,2,2024-07-10 21:41:00+0000,2024-07-11 06:28:00+0000,45,
2024-07-12,0,0,0,2024-07-10 21:00:00+0000,2024-07-10 21:00:00+0000,0,"[{'start':'2022-01-08 00:39:08+0000','end':'2022-01-08 00:39:31+0000'}]"
2024-07-13,74,256,0,2024-07-13 00:33:00+0000,2024-07-13 06:58:00+0000,55,"[{'start':'2022-01-08 00:42:08+0000','end':'2022-01-08 00:43:48+0000'},{'start':'2022-01-08 00:43:49+0000','end':'2022-01-08 00:44:02+0000'},{'start':'2022-01-08 00:44:03+0000','end':'2022-01-08 00:44:03+0000'}]"
2024-07-14,110,285,0,2024-07-13 22:34:00+0000,2024-07-14 06:17:00+0000,68,
2024-07-15,60,301,12,2024-07-14 23:04:00+0000,2024-07-15 06:58:00+0000,101,
2024-07-16,105,271,18,2024-07-15 23:28:00+0000,2024-07-16 07:30:00+0000,88,
2024-07-17,70,250,1,2024-07-17 01:06:00+0000,2024-07-17 07:10:00+0000,43,"[{'start':'2022-01-08 00:39:34+0000','end':'2022-01-08 00:40:13+0000'}]"
2024-07-18,108,268,71,2024-07-17 22:11:00+0000,2024-07-18 07:13:00+0000,95,
2024-07-19,96,254,21,2024-07-18 22:37:00+0000,2024-07-19 06:05:00+0000,77,
2024-07-20,104,230,2,2024-07-20 00:13:00+0000,2024-07-20 06:58:00+0000,69,
2024-07-21,55,325,31,2024-07-20 20:57:00+0000,2024-07-21 06:01:00+0000,133,
2024-07-22,116,261,0,2024-07-22 00:48:00+0000,2024-07-22 08:07:00+0000,62,
2024-07-23,134,304,1,2024-07-22 22:06:00+0000,2024-07-23 07:29:00+0000,124,
2024-07-24,124,302,0,2024-07-23 22:27:00+0000,2024-07-24 07:47:00+0000,134,
2024-07-25,85,251,1,2024-07-25 00:42:00+0000,2024-07-25 08:12:00+0000,113,
2024-07-26,119,247,20,2024-07-25 23:52:00+0000,2024-07-26 07:52:00+0000,94,
2024-07-27,125,325,6,2024-07-26 22:27:00+0000,2024-07-27 07:41:00+0000,98,
2024-07-28,104,267,0,2024-07-27 23:53:00+0000,2024-07-28 07:39:00+0000,95,
2024-07-29,97,369,1,2024-07-28 23:09:00+0000,2024-07-29 08:15:00+0000,79,
2024-07-30,88,297,0,2024-07-30 00:47:00+0000,2024-07-30 09:08:00+0000,116,
2024-07-31,72,250,15,2024-07-31 01:42:00+0000,2024-07-31 08:16:00+0000,57,
2024-08-01,64,260,0,2024-08-01 01:04:00+0000,2024-08-01 07:42:00+0000,74,
2024-08-02,81,179,0,2024-08-02 00:43:00+0000,2024-08-02 05:50:00+0000,47,
2024-08-03,73,392,0,2024-08-03 00:38:00+0000,2024-08-03 09:43:00+0000,80,
2024-08-04,102,335,0,2024-08-03 23:48:00+0000,2024-08-04 08:06:00+0000,61,
2024-08-05,114,273,60,2024-08-04 23:20:00+0000,2024-08-05 08:33:00+0000,106,
2024-08-06,115,291,0,2024-08-05 21:56:00+0000,2024-08-06 06:52:00+0000,130,
2024-08-07,107,377,0,2024-08-06 23:26:00+0000,2024-08-07 08:32:00+0000,62,
2024-08-08,67,193,1,2024-08-07 22:43:00+0000,2024-08-08 03:58:00+0000,54,
2024-08-09,121,285,4,2024-08-08 22:25:00+0000,2024-08-09 07:29:00+0000,134,
2024-08-10,86,234,0,2024-08-09 23:59:00+0000,2024-08-10 06:37:00+0000,78,"[{'start':'2022-01-08 00:37:07+0000','end':'2022-01-08 00:37:27+0000'},{'start':'2022-01-08 00:37:28+0000','end':'2022-01-08 00:37:44+0000'},{'start':'2022-01-08 00:37:45+0000','end':'2022-01-08 00:39:15+0000'},{'start':'2022-01-08 00:41:31+0000','end':'2022-01-08 00:43:03+0000'}]"
2024-08-11,117,300,4,2024-08-10 22:55:00+0000,2024-08-11 07:54:00+0000,118,
2024-08-12,100,254,0,2024-08-11 23:58:00+0000,2024-08-12 07:41:00+0000,109,
2024-08-13,67,318,0,2024-08-12 23:31:00+0000,2024-08-13 07:52:00+0000,116,
2024-08-14,89,227,17,2024-08-14 00:17:00+0000,2024-08-14 07:04:00+0000,74,
2024-08-15,55,160,0,2024-08-14 23:25:00+0000,2024-08-15 04:01:00+0000,61,
2024-08-16,124,366,1,2024-08-15 23:21:00+0000,2024-08-16 08:51:00+0000,79,
2024-08-17,69,240,0,2024-08-17 01:12:00+0000,2024-08-17 07:33:00+0000,72,
2024-08-18,129,407,0,2024-08-17 22:29:00+0000,2024-08-18 08:40:00+0000,75,
2024-08-19,61,332,1,2024-08-19 00:02:00+0000,2024-08-19 07:30:00+0000,54,
2024-08-20,117,329,0,2024-08-19 23:47:00+0000,2024-08-20 08:11:00+0000,58,
2024-08-21,31,311,0,2024-08-21 00:41:00+0000,2024-08-21 08:14:00+0000,111,"[{'start':'2022-01-08 00:40:06+0000','end':'2022-01-08 00:40:42+0000'}]"
2024-08-22,22,388,0,2024-08-21 23:13:00+0000,2024-08-22 08:18:00+0000,135,
2024-08-23,60,485,0,2024-08-22 22:09:00+0000,2024-08-23 09:08:00+0000,114,
2024-08-24,113,400,0,2024-08-23 22:46:00+0000,2024-08-24 08:23:00+0000,64,"[{'start':'2022-01-08 00:38:59+0000','end':'2022-01-08 00:39:22+0000'}]"
2024-08-25,74,224,19,2024-08-24 22:31:00+0000,2024-08-25 05:43:00+0000,115,
2024-08-26,47,148,0,2024-08-26 00:43:00+0000,2024-08-26 04:12:00+0000,14,
2024-08-27,114,270,0,2024-08-27 00:16:00+0000,2024-08-27 08:25:00+0000,105,
2024-08-28,0,425,35,2024-08-27 23:49:00+0000,2024-08-28 08:43:00+0000,74,
2024-08-29,39,286,10,2024-08-29 00:42:00+0000,2024-08-29 07:12:00+0000,55,
2024-08-30,69,361,0,2024-08-29 23:38:00+0000,2024-08-30 08:15:00+0000,87,
2024-08-31,113,209,18,2024-08-30 22:20:00+0000,2024-08-31 05:37:00+0000,97,
2024-09-01,103,244,0,2024-08-31 22:06:00+0000,2024-09-01 05:38:00+0000,105,
2024-09-02,124,311,1,2024-09-01 19:44:00+0000,2024-09-02 04:35:00+0000,95,
2024-09-03,143,275,13,2024-09-02 20:18:00+0000,2024-09-03 05:32:00+0000,123,
2024-09-04,56,220,0,2024-09-03 20:54:00+0000,2024-09-04 02:34:00+0000,64,"[{'start':'2022-01-08 00:40:58+0000','end':'2022-01-08 00:41:15+0000'},{'start':'2022-01-08 00:41:16+0000','end':'2022-01-08 00:41:31+0000'},{'start':'2022-01-08 00:41:32+0000','end':'2022-01-08 00:41:43+0000'},{'start':'2022-01-08 00:41:44+0000','end':'2022-01-08 00:41:53+0000'},{'start':'2022-01-08 00:41:54+0000','end':'2022-01-08 00:41:57+0000'},{'start':'2022-01-08 00:41:58+0000','end':'2022-01-08 00:42:02+0000'},{'start':'2022-01-08 00:42:03+0000','end':'2022-01-08 00:43:18+0000'}]"
2024-09-05,125,197,29,2024-09-04 22:53:00+0000,2024-09-05 06:28:00+0000,104,
2024-09-06,161,353,3,2024-09-05 20:45:00+0000,2024-09-06 06:40:00+0000,78,
2024-09-07,109,323,6,2024-09-06 20:27:00+0000,2024-09-07 05:25:00+0000,100,
2024-09-08,162,339,46,2024-09-07 20:57:00+0000,2024-09-08 07:30:00+0000,86,
2024-09-09,76,309,8,2024-09-08 21:11:00+0000,2024-09-09 04:53:00+0000,69,"[{'start':'2022-01-08 00:38:25+0000','end':'2022-01-08 00:39:23+0000'}]"
2024-09-10,38,167,65,2024-09-10 01:09:00+0000,2024-09-10 07:01:00+0000,82,
2024-09-11,106,293,0,2024-09-10 21:30:00+0000,2024-09-11 06:02:00+0000,113,
2024-09-12,117,284,62,2024-09-11 20:35:00+0000,2024-09-12 05:43:00+0000,85,
2024-09-13,95,285,0,2024-09-12 21:22:00+0000,2024-09-13 05:05:00+0000,83,
2024-09-14,132,353,17,2024-09-13 19:00:00+0000,2024-09-14 05:59:00+0000,157,
2024-09-15,128,335,1,2024-09-14 20:40:00+0000,2024-09-15 05:26:00+0000,62,
2024-09-16,82,254,0,2024-09-15 21:47:00+0000,2024-09-16 05:21:00+0000,118,"[{'start':'2022-01-08 00:41:59+0000','end':'2022-01-08 00:42:44+0000'}]"
2024-09-17,105,105,0,2024-09-17 01:50:00+0000,2024-09-17 06:17:00+0000,57,
2024-09-18,83,356,1,2024-09-17 20:41:00+0000,2024-09-18 05:44:00+0000,103,
2024-09-19,66,253,0,2024-09-18 21:54:00+0000,2024-09-19 04:11:00+0000,58,"[{'start':'2022-01-08 00:40:53+0000','end':'2022-01-08 00:41:19+0000'},{'start':'2022-01-08 00:41:20+0000','end':'2022-01-08 00:41:37+0000'},{'start':'2022-01-08 00:41:38+0000','end':'2022-01-08 00:42:44+0000'}]"
2024-09-20,59,324,0,2024-09-19 22:54:00+0000,2024-09-20 06:32:00+0000,75,
2024-09-21,119,364,36,2024-09-20 21:25:00+0000,2024-09-21 06:48:00+0000,44,
2024-09-22,138,337,29,2024-09-21 22:04:00+0000,2024-09-22 07:36:00+0000,68,
2024-09-23,62,424,0,2024-09-22 20:55:00+0000,2024-09-23 06:35:00+0000,94,
2024-09-24,145,328,0,2024-09-23 22:11:00+0000,2024-09-24 06:58:00+0000,54,
2024-09-25,88,272,0,2024-09-24 22:53:00+0000,2024-09-25 06:02:00+0000,69,
2024-09-26,109,301,0,2024-09-25 21:45:00+0000,2024-09-26 06:43:00+0000,128,
2024-09-27,89,248,0,2024-09-26 22:49:00+0000,2024-09-27 06:22:00+0000,116,
2024-09-28,86,310,0,2024-09-27 23:12:00+0000,2024-09-28 06:30:00+0000,42,
2024-09-29,77,465,2,2024-09-28 20:14:00+0000,2024-09-29 06:34:00+0000,76,
2024-09-30,59,254,27,2024-09-29 22:37:00+0000,2024-09-30 05:23:00+0000,66,
2024-10-01,131,255,0,2024-09-30 21:19:00+0000,2024-10-01 05:37:00+0000,112,
2024-10-02,23,373,0,2024-10-01 21:16:00+0000,2024-10-02 05:12:00+0000,80,
2024-10-03,118,293,0,2024-10-02 21:48:00+0000,2024-10-03 06:43:00+0000,124,
2024-10-04,134,268,0,2024-10-03 23:34:00+0000,2024-10-04 08:22:00+0000,126,
2024-10-05,70,240,0,2024-10-04 23:05:00+0000,2024-10-05 05:45:00+0000,90,
2024-10-06,119,313,0,2024-10-05 22:00:00+0000,2024-10-06 07:18:00+0000,126,
2024-10-07,129,279,8,2024-10-06 23:16:00+0000,2024-10-07 07:31:00+0000,79,
2024-10-08,119,271,19,2024-10-07 22:15:00+0000,2024-10-08 06:12:00+0000,68,
2024-10-09,38,143,0,2024-10-09 01:23:00+0000,2024-10-09 05:04:00+0000,40,
2024-10-10,29,369,121,2024-10-09 20:58:00+0000,2024-10-10 07:17:00+0000,100,
2024-10-11,102,252,0,2024-10-10 22:37:00+0000,2024-10-11 06:01:00+0000,90,
2024-10-12,106,318,0,2024-10-11 23:49:00+0000,2024-10-12 07:54:00+0000,61,
2024-10-13,109,385,0,2024-10-12 22:36:00+0000,2024-10-13 07:48:00+0000,58,
2024-10-14,93,294,0,2024-10-13 21:47:00+0000,2024-10-14 05:35:00+0000,81,"[{'start':'2024-10-04 00:42:20+0000','end':'2024-10-04 00:42:51+0000'}]"
2024-10-15,94,234,3,2024-10-14 23:11:00+0000,2024-10-15 06:02:00+0000,80,
2024-10-16,102,277,0,2024-10-15 21:33:00+0000,2024-10-16 05:35:00+0000,103,
2024-10-17,93,322,0,2024-10-16 20:21:00+0000,2024-10-17 04:44:00+0000,88,
2024-10-18,135,358,0,2024-10-17 21:23:00+0000,2024-10-18 07:31:00+0000,115,
2024-10-19,76,281,0,2024-10-18 23:20:00+0000,2024-10-19 06:18:00+0000,61,"[{'start':'2024-10-04 00:42:22+0000','end':'2024-10-04 00:42:34+0000'},{'start':'2024-10-04 00:42:35+0000','end':'2024-10-04 00:43:06+0000'},{'start':'2024-10-04 00:43:07+0000','end':'2024-10-04 00:45:01+0000'}]"
2024-10-20,96,274,14,2024-10-19 21:58:00+0000,2024-10-20 06:16:00+0000,114,
2024-10-21,112,288,59,2024-10-20 20:57:00+0000,2024-10-21 05:42:00+0000,66,
2024-10-22,69,311,0,2024-10-21 22:55:00+0000,2024-10-22 06:23:00+0000,68,
2024-10-23,106,276,18,2024-10-22 21:32:00+0000,2024-10-23 06:02:00+0000,110,
2024-10-24,90,310,0,2024-10-23 22:08:00+0000,2024-10-24 06:12:00+0000,84,
2024-10-25,119,251,67,2024-10-24 22:21:00+0000,2024-10-25 07:38:00+0000,120,
2024-10-26,94,332,0,2024-10-25 22:49:00+0000,2024-10-26 07:11:00+0000,76,
2024-10-27,90,270,0,2024-10-26 22:11:00+0000,2024-10-27 06:00:00+0000,109,
2024-10-28,60,203,8,2024-10-28 00:59:00+0000,2024-10-28 06:36:00+0000,66,"[{'start':'2024-10-04 00:41:50+0000','end':'2024-10-04 00:42:28+0000'},{'start':'2024-10-04 00:42:29+0000','end':'2024-10-04 00:42:38+0000'},{'start':'2024-10-04 00:42:39+0000','end':'2024-10-04 00:42:57+0000'},{'start':'2024-10-04 00:42:58+0000','end':'2024-10-04 00:43:09+0000'},{'start':'2024-10-04 00:43:10+0000','end':'2024-10-04 00:43:52+0000'}]"
2024-10-29,50,149,2,2024-10-29 03:56:00+0000,2024-10-29 08:12:00+0000,55,
2024-10-30,56,160,0,2024-10-30 01:58:00+0000,2024-10-30 06:27:00+0000,53,
2024-10-31,101,270,0,2024-10-30 23:52:00+0000,2024-10-31 08:01:00+0000,118,
2024-11-01,0,202,0,2024-11-01 05:33:00+0000,2024-11-01 09:42:00+0000,47,
2024-11-02,62,161,0,2024-11-02 01:06:00+0000,2024-11-02 05:39:00+0000,50,
2024-11-03,134,390,18,2024-11-02 21:42:00+0000,2024-11-03 08:21:00+0000,97,
2024-11-04,123,335,17,2024-11-04 00:08:00+0000,2024-11-04 09:30:00+0000,87,
2024-11-05,72,195,0,2024-11-04 23:12:00+0000,2024-11-05 04:04:00+0000,25,"[{'start':'2024-10-04 00:33:53+0000','end':'2024-10-04 00:34:37+0000'}]"
2024-11-06,107,327,0,2024-11-05 23:29:00+0000,2024-11-06 08:25:00+0000,102,
2024-11-07,82,247,0,2024-11-07 01:59:00+0000,2024-11-07 08:05:00+0000,37,

